movie,production_budget,domestic_gross_x,foreign_gross_x,year_x,title,domestic_gross_y,foreign_gross_y,year_y
Destroyer,9000000,1533324,3681096,2018,Destroyer,1500000.0,4000000,2018
Vice,60000000,47836282,70883171,2018,Vice,47800000.0,28200000,2018
On the Basis of Sex,20000000,24622687,38073377,2018,On the Basis of Sex,24600000.0,13600000,2018
Aquaman,160000000,335061807,1146894640,2018,Aquaman,335100000.0,812700000,2018
Second Act,15700000,39282227,63288854,2018,Second Act,39300000.0,33000000,2018
Bumblebee,102000000,127195589,465195589,2018,Bumblebee,127200000.0,340800000,2018
Welcome to Marwen,45000000,10763520,12874922,2018,Welcome to Marwen,10800000.0,2100000,2018
Mary Poppins Returns,130000000,171958438,341528518,2018,Mary Poppins Returns,172000000.0,177600000,2018
Mortal Engines,100000000,15951040,85287417,2018,Mortal Engines,16000000.0,67700000,2018
The Mule,50000000,103804407,170857676,2018,The Mule,103800000.0,68700000,2018
If Beale Street Could Talk,12000000,14915773,19859167,2018,If Beale Street Could Talk,14900000.0,5700000,2018
Mary Queen of Scots,25000000,16468499,46734733,2018,Mary Queen of Scots,16500000.0,29900000,2018
The Possession of Hannah Grace,6000000,14836174,42785387,2018,The Possession of Hannah Grace,14800000.0,28200000,2018
The Favourite,15000000,34366783,94113929,2018,The Favourite,34400000.0,61600000,2018
Creed II,50000000,115715889,213591522,2018,Creed II,115700000.0,98300000,2018
Robin Hood,99000000,30824628,84747441,2018,Robin Hood,105300000.0,216400000,2010
Robin Hood,210000000,105487148,322459006,2010,Robin Hood,105300000.0,216400000,2010
Instant Family,48000000,67363237,119736188,2018,Instant Family,67400000.0,53200000,2018
Green Book,23000000,85080171,322034439,2018,Green Book,85100000.0,234700000,2018
Fantastic Beasts: The Crimes of Grindelwald,200000000,159555901,652220086,2018,Fantastic Beasts: The Crimes of Grindelwald,159600000.0,494100000,2018
Widows,40000000,42402632,73866088,2018,Widows,42400000.0,33600000,2018
Bohemian Rhapsody,55000000,216303339,894985342,2018,Bohemian Rhapsody,216400000.0,687200000,2018
The Nutcracker and the Four Realms,132900000,54858851,170293899,2018,The Nutcracker and the Four Realms,54900000.0,119100000,2018
Suspiria,20000000,2483472,7034615,2018,Suspiria,2500000.0,5400000,2018
Goosebumps 2: Haunted Halloween,35000000,46697321,93291478,2018,Goosebumps 2: Haunted Halloween,46700000.0,46600000,2018
First Man,60000000,44936545,105203825,2018,First Man,44900000.0,60800000,2018
The Hate U Give,23000000,29719483,35067665,2018,The Hate U Give,29700000.0,5200000,2018
Hell Fest,5500000,11107431,18119231,2018,Hell Fest,11100000.0,7100000,2018
Smallfoot,80000000,83240103,213691277,2018,Smallfoot,83200000.0,130900000,2018
The Sisters Brothers,38000000,3143056,13143056,2018,The Sisters Brothers,3100000.0,10000000,2018
White Boy Rick,30000000,24004833,25947983,2018,White Boy Rick,24000000.0,1900000,2018
A Simple Favor,20000000,53548586,97628717,2018,A Simple Favor,53500000.0,44100000,2018
Peppermint,25000000,35418723,51800758,2018,Peppermint,35400000.0,18400000,2018
Kin,30000000,5718096,10096821,2018,Kin,5700000.0,4300000,2018
Alpha,51000000,35851379,99624873,2018,Alpha,35900000.0,62300000,2018
Mile 22,35000000,36108758,66295121,2018,Mile 22,36100000.0,30200000,2018
Crazy Rich Asians,30000000,174532921,238099711,2018,Crazy Rich Asians,174500000.0,64000000,2018
BlacKkKlansman,15000000,49275340,93017335,2018,BlacKkKlansman,49300000.0,44000000,2018
Slender Man,10000000,30564825,51723644,2018,Slender Man,30600000.0,21200000,2018
The Meg,178000000,145443742,529530715,2018,The Meg,145400000.0,384800000,2018
The Darkest Minds,34000000,12695691,38361428,2018,The Darkest Minds,12700000.0,28400000,2018
Teen Titans Go! To The Movies,10000000,29790236,51620593,2018,Teen Titans Go! To The Movies,29800000.0,22300000,2018
The Equalizer 2,77000000,102084362,190453132,2018,The Equalizer 2,102100000.0,88300000,2018
Unfriended: Dark Web,1000000,8866745,16434588,2018,Unfriended: Dark Web,8900000.0,6300000,2018
Skyscraper,125000000,68420120,304115534,2018,Skyscraper,68400000.0,236400000,2018
Hotel Transylvania 3: Summer Vacation,65000000,167500092,527079962,2018,Hotel Transylvania 3: Summer Vacation,167500000.0,361100000,2018
Ant-Man and the Wasp,130000000,216648740,623144660,2018,Ant-Man and the Wasp,216600000.0,406000000,2018
The First Purge,13000000,69488745,136617305,2018,The First Purge,69500000.0,67500000,2018
Sicario: Day of the Soldado,35000000,50065850,75885196,2018,Sicario: Day of the Soldado,50100000.0,25800000,2018
Uncle Drew,18000000,42469946,46527161,2018,Uncle Drew,42500000.0,4200000,2018
Jurassic World: Fallen Kingdom,170000000,417719760,1305772799,2018,Jurassic World: Fallen Kingdom,417700000.0,891800000,2018
Incredibles 2,200000000,608581744,1242520711,2018,Incredibles 2,608600000.0,634200000,2018
Tag,28000000,54730625,77026186,2018,Tag,54700000.0,23400000,2018
Superfly,16000000,20537137,20723581,2018,Superfly,20500000.0,236000,2018
Hereditary,10000000,44069456,70133905,2018,Hereditary,44100000.0,35300000,2018
Hotel Artemis,15000000,6708137,12758799,2018,Hotel Artemis,6700000.0,6000000,2018
Upgrade,3000000,11977130,16553285,2018,Upgrade,12000000.0,2400000,2018
Adrift,35000000,31445011,57897191,2018,Adrift,31400000.0,28500000,2018
Solo: A Star Wars Story,275000000,213767512,393151347,2018,Solo: A Star Wars Story,213800000.0,179200000,2018
Deadpool 2,110000000,324591735,786680557,2018,Deadpool 2,318500000.0,460500000,2018
Life of the Party,30000000,53059911,65759911,2018,Life of the Party,53100000.0,12800000,2018
Avengers: Infinity War,300000000,678815482,2048134200,2018,Avengers: Infinity War,678800000.0,"1,369.5",2018
I Feel Pretty,32000000,48795601,91553797,2018,I Feel Pretty,48800000.0,45700000,2018
Truth or Dare,3500000,41411015,95127344,2018,Truth or Dare,41400000.0,53900000,2018
Blockers,21000000,60311495,94045328,2018,Blockers,60300000.0,33700000,2018
A Quiet Place,17000000,188024361,334522294,2018,A Quiet Place,188000000.0,152900000,2018
Ready Player One,150000000,137690172,579290136,2018,Ready Player One,137700000.0,445200000,2018
Sherlock Gnomes,59000000,43242871,87527651,2018,Sherlock Gnomes,43200000.0,47100000,2018
"Paul, Apostle of Christ",5000000,17547999,25529498,2018,"Paul, Apostle of Christ",17600000.0,5500000,2018
Unsane,1500000,7690044,14244931,2018,Unsane,7700000.0,6600000,2018
"Love, Simon",10000000,40826341,65520633,2018,"Love, Simon",40800000.0,25500000,2018
Tomb Raider,90000000,58250803,273477501,2018,Tomb Raider,58300000.0,216400000,2018
A Wrinkle in Time,103000000,100478608,133401882,2018,A Wrinkle in Time,100500000.0,32200000,2018
Red Sparrow,69000000,46874505,145951861,2018,Red Sparrow,46900000.0,104700000,2018
Game Night,37000000,69179066,117378084,2018,Game Night,69200000.0,48500000,2018
Early Man,50000000,8267544,45285890,2018,Early Man,8300000.0,46400000,2018
Black Panther,200000000,700059566,1348258224,2018,Black Panther,700100000.0,646900000,2018
The 15:17 to Paris,30000000,36276286,56096200,2018,The 15:17 to Paris,36300000.0,20800000,2018
Fifty Shades Freed,55000000,100407760,371350619,2018,Fifty Shades Freed,100400000.0,271500000,2018
Peter Rabbit,50000000,115234093,347136477,2018,Peter Rabbit,115300000.0,236000000,2018
Bilal: A New Breed of Hero,30000000,490973,648599,2018,Bilal: A New Breed of Hero,491000.0,1700000,2018
Maze Runner: The Death Cure,61000000,58032443,265878536,2018,Maze Runner: The Death Cure,58000000.0,230200000,2018
12 Strong,35000000,45819713,71118378,2018,12 Strong,45800000.0,21600000,2018
Den of Thieves,30000000,44947622,80131391,2018,Den of Thieves,44900000.0,35600000,2018
The Commuter,40000000,36343858,101985431,2018,The Commuter,36300000.0,83600000,2018
Proud Mary,30000000,20868638,21709539,2018,Proud Mary,20900000.0,876000,2018
Insidious: The Last Key,10000000,67745330,167885588,2018,Insidious: The Last Key,67700000.0,100100000,2018
Pitch Perfect 3,45000000,104897530,185736412,2017,Pitch Perfect 3,104900000.0,80500000,2017
The Post,50000000,81903458,179748880,2017,The Post,81900000.0,97900000,2017
Father Figures,25000000,17501244,21038441,2017,Father Figures,17500000.0,8100000,2017
Downsizing,68000000,24449754,54462971,2017,Downsizing,24400000.0,30600000,2017
Jumanji: Welcome to the Jungle,90000000,404508916,964496193,2017,Jumanji: Welcome to the Jungle,404500000.0,557600000,2017
The Greatest Showman,84000000,174340174,386665550,2017,The Greatest Showman,174300000.0,260700000,2017
Ferdinand,111000000,84410380,289847930,2017,Ferdinand,84400000.0,211700000,2017
"I, Tonya",11000000,30014534,53797409,2017,"I, Tonya",30000000.0,23900000,2017
Just Getting Started,22000000,6069605,6756412,2017,Just Getting Started,6100000.0,1600000,2017
The Disaster Artist,10000000,21120616,28717667,2017,The Disaster Artist,21100000.0,8700000,2017
The Shape of Water,19500000,63859435,195790794,2017,The Shape of Water,63900000.0,131400000,2017
Darkest Hour,30000000,56443120,150807172,2017,Darkest Hour,56500000.0,94400000,2017
Coco,175000000,209726015,798008101,2017,Coco,209700000.0,597400000,2017
Justice League,300000000,229024295,655945209,2017,Justice League,229000000.0,428900000,2017
Wonder,20000000,132422809,304604712,2017,Wonder,132400000.0,173500000,2017
"Roman J. Israel, Esq.",22000000,11962712,12967012,2017,"Roman J. Israel, Esq.",12000000.0,1100000,2017
The Star,20000000,40847995,62758010,2017,The Star,40900000.0,22000000,2017
"Three Billboards Outside Ebbing, Missouri",12000000,54513740,160191915,2017,"Three Billboards Outside Ebbing, Missouri",54500000.0,104700000,2017
Lady Bird,10000000,48958273,78610769,2017,Lady Bird,49000000.0,30000000,2017
Thor: Ragnarok,180000000,315058289,846980024,2017,Thor: Ragnarok,315100000.0,538900000,2017
A Bad Moms Christmas,28000000,72110659,127710550,2017,A Bad Moms Christmas,72100000.0,58400000,2017
Jigsaw,10000000,38052832,102445196,2017,Jigsaw,38100000.0,64900000,2017
Geostorm,100000000,33700160,220796009,2017,Geostorm,33700000.0,187900000,2017
The Snowman,35000000,6670765,43226146,2017,The Snowman,6700000.0,36400000,2017
The Foreigner,35000000,34393507,140783360,2017,The Foreigner,34400000.0,111000000,2017
Happy Death Day,5000000,55683845,125010260,2017,Happy Death Day,55700000.0,69800000,2017
Blade Runner 2049,185000000,92054159,259357408,2017,Blade Runner 2049,92100000.0,167200000,2017
American Made,50000000,51342000,135569212,2017,American Made,51300000.0,83500000,2017
Stronger,30000000,4211129,8786752,2017,Stronger,4200000.0,4200000,2017
Kingsman: The Golden Circle,104000000,100234838,408803696,2017,Kingsman: The Golden Circle,100200000.0,310700000,2017
Victoria and Abdul,21000000,22245070,68271146,2017,Victoria and Abdul,22200000.0,43200000,2017
American Assassin,63000000,36249674,68310140,2017,American Assassin,36200000.0,31000000,2017
mother!,30000000,17800004,42531076,2017,mother!,17800000.0,26700000,2017
It,35000000,327481748,697457969,2017,It,327500000.0,372900000,2017
Tulip Fever,25000000,2455635,6792768,2017,Tulip Fever,2500000.0,5900000,2017
All Saints,2000000,5802208,5941994,2017,All Saints,5800000.0,140000,2017
Patti Cake$,1000000,800148,1471090,2017,Patti Cake$,800000.0,682000,2017
Logan Lucky,29000000,27778642,44264271,2017,Logan Lucky,27800000.0,20700000,2017
Annabelle: Creation,15000000,102092201,305384865,2017,Annabelle: Creation,102100000.0,204400000,2017
The Nut Job 2: Nutty by Nature,40000000,28370522,57438389,2017,The Nut Job 2: Nutty by Nature,28400000.0,36800000,2017
The Dark Tower,60000000,50701325,113461527,2017,The Dark Tower,50700000.0,62500000,2017
Atomic Blonde,30000000,51573925,98345423,2017,Atomic Blonde,51700000.0,48300000,2017
The Emoji Movie,50000000,86089513,216562312,2017,The Emoji Movie,86100000.0,131699999,2017
Dunkirk,150000000,190068280,499837368,2017,Dunkirk,188000000.0,337200000,2017
Girls Trip,28000000,115108515,140886353,2017,Girls Trip,115200000.0,25400000,2017
Valerian and the City of a Thousand Planets,180000000,40479370,215098356,2017,Valerian and the City of a Thousand Planets,41200000.0,184700000,2017
War for the Planet of the Apes,152000000,146880162,489592267,2017,War for the Planet of the Apes,146900000.0,343800000,2017
Spider-Man: Homecoming,175000000,334201140,880166350,2017,Spider-Man: Homecoming,334200000.0,546000000,2017
Despicable Me 3,75000000,264624300,1034727750,2017,Despicable Me 3,264600000.0,770200000,2017
The House,40000000,25584504,31192425,2017,The House,25600000.0,8600000,2017
Baby Driver,34000000,107825862,228104185,2017,Baby Driver,107800000.0,119100000,2017
The Big Sick,5000000,42872467,53972860,2017,The Big Sick,42900000.0,13500000,2017
Transformers: The Last Knight,217000000,130168683,602893340,2017,Transformers: The Last Knight,130199999.0,475300000,2017
Rough Night,20000000,22105643,46844357,2017,Rough Night,22100000.0,25200000,2017
Cars 3,175000000,152901115,383541369,2017,Cars 3,152900000.0,231000000,2017
Captain Underpants: The First Epic Movie,38000000,73921000,126577874,2017,Captain Underpants: The First Epic Movie,73900000.0,51600000,2017
Wonder Woman,150000000,412563408,821133378,2017,Wonder Woman,412600000.0,409300000,2017
Pirates of the Caribbean: Dead Men Tell No Tales,230000000,172558876,788241137,2017,Pirates of the Caribbean: Dead Men Tell No Tales,172600000.0,622300000,2017
Baywatch,60000000,58060186,175863783,2017,Baywatch,58100000.0,119800000,2017
Alien: Covenant,97000000,74262031,238521247,2017,Alien: Covenant,74300000.0,166600000,2017
Diary of a Wimpy Kid: The Long Haul,22000000,20738724,35609577,2017,Diary of a Wimpy Kid: The Long Haul,20700000.0,19400000,2017
"Everything, Everything",10000000,34121140,61603136,2017,"Everything, Everything",34100000.0,27500000,2017
The Wall,3000000,1803064,4495262,2017,The Wall,1800000.0,2700000,2017
King Arthur: Legend of the Sword,175000000,39175066,139630336,2017,King Arthur: Legend of the Sword,39200000.0,109500000,2017
Snatched,42000000,45852178,57852177,2017,Snatched,45900000.0,15000000,2017
Baahubali 2: The Conclusion,30000000,18985794,263502914,2017,Baahubali 2: The Conclusion,20200000.0,234000000,2017
The Lost City of Z,30000000,8574339,17121823,2017,The Lost City of Z,8600000.0,10700000,2017
The Fate of the Furious,250000000,225764765,1234846267,2017,The Fate of the Furious,226000000.0,"1,010.0",2017
Smurfs: The Lost Village,60000000,45020282,197578586,2017,Smurfs: The Lost Village,45000000.0,152200000,2017
Gifted,7000000,24801212,36964656,2017,Gifted,24800000.0,18200000,2017
The Boss Baby,125000000,175003033,510878762,2017,The Boss Baby,175000000.0,353000000,2017
T2: Trainspotting,18000000,2402004,42091262,2017,T2: Trainspotting,2400000.0,39300000,2017
Kong: Skull Island,185000000,168052812,561072059,2017,Kong: Skull Island,168100000.0,398600000,2017
Table 19,5000000,3614896,4620399,2017,Table 19,3600000.0,1400000,2017
Collide,29200000,2280004,5466698,2017,Collide,2300000.0,2500000,2017
Get Out,5000000,176040665,255367951,2017,Get Out,176000000.0,79400000,2017
Fist Fight,25000000,32187017,40286416,2017,Fist Fight,32200000.0,8900000,2017
The Great Wall,150000000,45157105,334486852,2017,The Great Wall,45500000.0,289400000,2017
Fifty Shades Darker,55000000,114434010,381398492,2017,Fifty Shades Darker,114600000.0,267000000,2017
John Wick: Chapter Two,40000000,92029184,171350009,2017,John Wick: Chapter Two,92000000.0,79500000,2017
Rings,25000000,27793018,82917283,2017,Rings,27800000.0,55300000,2017
The Space Between Us,30000000,7885294,16481405,2017,The Space Between Us,7900000.0,6900000,2017
Resident Evil: The Final Chapter,40000000,26844692,314101190,2017,Resident Evil: The Final Chapter,26800000.0,285400000,2017
The Founder,15000000,12786053,24403192,2017,The Founder,12800000.0,11300000,2017
Split,5000000,138141585,278964806,2017,Split,138300000.0,140200000,2017
Monster Trucks,125000000,33370166,61642798,2017,Monster Trucks,33400000.0,31100000,2017
The Bye Bye Man,7400000,22395806,31187727,2017,The Bye Bye Man,22400000.0,4300000,2017
A Monster Calls,43000000,3740823,46414530,2017,A Monster Calls,3700000.0,43600000,2016
Underworld: Blood Wars,35000000,30353973,81209222,2017,Underworld: Blood Wars,30400000.0,50700000,2017
Hidden Figures,25000000,169607287,231771716,2016,Hidden Figures,169600000.0,66300000,2016
Why Him?,38000000,60323786,117425156,2016,Why Him?,60300000.0,57800000,2016
Dangal,9500000,12391761,294654618,2016,Dangal,12400000.0,290500000,2016
Sing,75000000,270329045,634454789,2016,Sing,270400000.0,363800000,2016
Patriots Day,40000000,31886361,52837989,2016,Patriots Day,31900000.0,18700000,2016
Rogue One: A Star Wars Story,200000000,532177324,1049102856,2016,Rogue One: A Star Wars Story,532200000.0,523900000,2016
Fences,24000000,57682904,64282881,2016,Fences,57700000.0,6700000,2016
Collateral Beauty,36000000,31016021,85309093,2016,Collateral Beauty,31000000.0,57500000,2016
Office Christmas Party,45000000,54767494,91323299,2016,Office Christmas Party,54800000.0,59700000,2016
La La Land,20000000,151101803,426351163,2016,La La Land,151100000.0,295000000,2016
Incarnate,5000000,4799774,9371036,2016,Incarnate,4800000.0,1500000,2016
Miss Sloane,18000000,3500605,7719630,2016,Miss Sloane,3500000.0,5600000,2016
Lion,12000000,51739495,149570720,2016,Lion,51700000.0,88600000,2016
Allied,106000000,40098064,119266661,2016,Allied,40100000.0,79400000,2016
Moana,150000000,248757044,637517365,2016,Moana,248800000.0,394600000,2016
The Edge of Seventeen,9000000,14431633,19096003,2016,The Edge of Seventeen,14400000.0,4400000,2016
Manchester by the Sea,8500000,47695371,77733867,2016,Manchester by the Sea,47700000.0,31300000,2016
Nocturnal Animals,22500000,10663357,32398681,2016,Nocturnal Animals,10700000.0,19600000,2016
Almost Christmas,17000000,42065185,42493506,2016,Almost Christmas,42200000.0,422000,2016
Arrival,47000000,100546139,203127894,2016,Arrival,100500000.0,102800000,2016
Shut In,10000000,6900335,11360665,2016,Shut In,6900000.0,6200000,2016
Trolls,125000000,153707064,344150134,2016,Trolls,153700000.0,193200000,2016
Loving,9000000,7710234,12898064,2016,Loving,7800000.0,5200000,2016
Hacksaw Ridge,40000000,67209615,168904682,2016,Hacksaw Ridge,67200000.0,108100000,2016
Doctor Strange,165000000,232641920,676404566,2016,Doctor Strange,232600000.0,445100000,2016
Inferno,75000000,34343574,219519367,2016,Inferno,34300000.0,185700000,2016
Jack Reacher: Never Go Back,60000000,58697076,159946489,2016,Jack Reacher: Never Go Back,58700000.0,103400000,2016
Ouija: Origin of Evil,9000000,35144505,81831866,2016,Ouija: Origin of Evil,35100000.0,46600000,2016
Max Steel,10000000,3818664,4563080,2016,Max Steel,3800000.0,2500000,2016
The Accountant,40000000,86260045,152962083,2016,The Accountant,86300000.0,68900000,2016
The Girl on the Train,45000000,75395035,174278214,2016,The Girl on the Train,208000.0,97100,2010
Middle School: The Worst Years of My Life,8500000,20007149,23311293,2016,Middle School: The Worst Years of My Life,20000000.0,3300000,2016
Deepwater Horizon,156000000,61433527,122603824,2016,Deepwater Horizon,61400000.0,60400000,2016
American Honey,3500000,663247,2611750,2016,American Honey,663000.0,1200000,2016
Storks,70000000,72679278,183353431,2016,Storks,72700000.0,110700000,2016
Queen of Katwe,15000000,8874389,10055481,2016,Queen of Katwe,8900000.0,1500000,2016
Blair Witch,10000000,20777061,38985577,2016,Blair Witch,20800000.0,24400000,2016
Snowden,50000000,21587519,35380918,2016,Snowden,21600000.0,15700000,2016
When the Bough Breaks,10000000,29747603,30768449,2016,When the Bough Breaks,29700000.0,911000,2016
Sully,60000000,125070033,238524556,2016,Sully,125100000.0,115700000,2016
Morgan,8000000,3915251,7298786,2016,Morgan,3900000.0,4900000,2016
The Light Between Oceans,20000000,12545979,22281732,2016,The Light Between Oceans,12500000.0,13400000,2016
Mechanic: Resurrection,40000000,21218403,109738840,2016,Mechanic: Resurrection,21200000.0,104500000,2016
Kubo and the Two Strings,55000000,48023088,77548122,2016,Kubo and the Two Strings,48000000.0,21900000,2016
War Dogs,50000000,43034523,86234503,2016,War Dogs,43000000.0,43200000,2016
Hell or High Water,12000000,27007844,37584304,2016,Hell or High Water,27000000.0,10900000,2016
Sausage Party,19000000,97670358,141344255,2016,Sausage Party,97700000.0,43000000,2016
Florence Foster Jenkins,29000000,27383770,56000339,2016,Florence Foster Jenkins,27400000.0,21500000,2016
Suicide Squad,175000000,325100054,746059887,2016,Suicide Squad,325100000.0,421700000,2016
Jason Bourne,120000000,162192920,416168316,2016,Jason Bourne,162400000.0,253100000,2016
Bad Moms,20000000,113257297,180998716,2016,Bad Moms,113300000.0,70700000,2016
Nerve,20000000,38583626,70652284,2016,Nerve,38600000.0,46700000,2016
Ice Age: Collision Course,105000000,64063008,402156682,2016,Ice Age: Collision Course,64099999.0,344500000,2016
Star Trek Beyond,185000000,158848340,335802233,2016,Star Trek Beyond,158800000.0,184600000,2016
Lights Out,5000000,67268835,148806510,2016,Lights Out,67300000.0,81600000,2016
The Secret Life of Pets,75000000,368384330,886750534,2016,The Secret Life of Pets,368400000.0,507100000,2016
Mike and Dave Need Wedding Dates,33000000,46009673,75898100,2016,Mike and Dave Need Wedding Dates,46000000.0,31100000,2016
Sultan,11000000,5599781,72989781,2016,Sultan,6200000.0,81100000,2016
The Purge: Election Year,10000000,79042440,118514727,2016,The Purge: Election Year,79200000.0,39400000,2016
The BFG,140000000,55483770,199646680,2016,The BFG,55500000.0,127900000,2016
The Legend of Tarzan,180000000,126643061,348902025,2016,The Legend of Tarzan,126600000.0,230100000,2016
Independence Day: Resurgence,165000000,103144286,384169424,2016,Independence Day: Resurgence,103100000.0,286500000,2016
Free State of Jones,50000000,20810036,23237252,2016,Free State of Jones,20800000.0,4200000,2016
The Shallows,13000000,55121623,118763442,2016,The Shallows,55100000.0,64000000,2016
Central Intelligence,50000000,127440871,217194805,2016,Central Intelligence,127400000.0,89500000,2016
Finding Dory,200000000,486295561,1021215193,2016,Finding Dory,486300000.0,542300000,2016
Now You See Me 2,90000000,65075540,328325007,2016,Now You See Me 2,65099999.0,269800000,2016
Warcraft,160000000,47225655,425522281,2016,Warcraft,47400000.0,386300000,2016
Genius,17000000,1361045,7265283,2016,Genius,1400000.0,4300000,2016
Teenage Mutant Ninja Turtles: Out of the Shadows,135000000,82051601,245328374,2016,Teenage Mutant Ninja Turtles: Out of the Shadows,82100000.0,163600000,2016
Me Before You,20000000,56245075,208265198,2016,Me Before You,56200000.0,152100000,2016
Alice Through the Looking Glass,170000000,77042381,276928112,2016,Alice Through the Looking Glass,77000000.0,222400000,2016
X-Men: Apocalypse,178000000,155442489,542537546,2016,X-Men: Apocalypse,155400000.0,388500000,2016
The Nice Guys,50000000,36261763,59596747,2016,The Nice Guys,36300000.0,26500000,2016
Neighbors 2: Sorority Rising,35000000,55340730,108757621,2016,Neighbors 2: Sorority Rising,55500000.0,52600000,2016
The Angry Birds Movie,73000000,107509366,352327887,2016,The Angry Birds Movie,107500000.0,244800000,2016
Money Monster,27000000,41012075,93466095,2016,Money Monster,41000000.0,52300000,2016
Captain America: Civil War,250000000,408084349,1140069413,2016,Captain America: Civil War,408100000.0,745200000,2016
The Man Who Knew Infinity,10000000,3877922,12382122,2016,The Man Who Knew Infinity,3900000.0,8400000,2016
Barbershop: The Next Cut,20000000,54030051,54404202,2016,Barbershop: The Next Cut,54000000.0,1000000,2016
The Boss,29000000,63077560,78652207,2016,The Boss,63300000.0,15600000,2016
Hardcore Henry,2000000,9252038,17187434,2016,Hardcore Henry,9300000.0,7600000,2016
Batman v Superman: Dawn of Justice,250000000,330360194,867500281,2016,Batman v Superman: Dawn of Justice,330400000.0,543300000,2016
My Big Fat Greek Wedding 2,18000000,59689605,92096558,2016,My Big Fat Greek Wedding 2,59700000.0,29200000,2016
The Divergent Series: Allegiant,110000000,66184051,172022517,2016,The Divergent Series: Allegiant,66200000.0,113100000,2016
Midnight Special,18000000,3712282,7680250,2016,Midnight Special,3700000.0,2500000,2016
Miracles from Heaven,13000000,61705123,73798736,2016,Miracles from Heaven,61700000.0,12200000,2016
The Brothers Grimsby,35000000,6864016,28720470,2016,The Brothers Grimsby,6900000.0,18300000,2016
10 Cloverfield Lane,5000000,72082999,108286422,2016,10 Cloverfield Lane,72100000.0,38100000,2016
The Perfect Match,5000000,9669521,10182050,2016,The Perfect Match,9700000.0,745000,2016
Zootopia,150000000,341268248,1019429616,2016,Zootopia,341300000.0,682500000,2016
London Has Fallen,60000000,62524260,195194085,2016,London Has Fallen,62500000.0,143200000,2016
The Other Side of the Door,5000000,3000342,12905107,2016,The Other Side of the Door,3000000.0,11300000,2016
Triple 9,20000000,12639297,25943792,2016,Triple 9,12600000.0,10500000,2016
Gods of Egypt,140000000,31153464,138836756,2016,Gods of Egypt,31200000.0,119500000,2016
Eddie the Eagle,23000000,15789389,45060480,2016,Eddie the Eagle,15800000.0,30400000,2016
The Witch,3500000,25138705,40454520,2016,The Witch,25100000.0,15300000,2016
Risen,20000000,36880033,46255763,2016,Risen,36900000.0,9200000,2016
The Little Prince,77500000,1311213,102028919,2016,The Little Prince,1300000.0,96200000,2016
Zoolander 2,50000000,28848693,55348693,2016,Zoolander 2,28800000.0,27900000,2016
Deadpool,58000000,363070709,801025593,2016,Deadpool,363100000.0,420000000,2016
Pride and Prejudice and Zombies,28000000,10907291,16638300,2016,Pride and Prejudice and Zombies,10900000.0,5500000,2016
"Hail, Caesar!",22000000,30080225,64160680,2016,"Hail, Caesar!",30500000.0,33100000,2016
Fifty Shades of Black,5000000,11686940,22113075,2016,Fifty Shades of Black,11700000.0,10500000,2016
The Finest Hours,70000000,27569558,49252761,2016,The Finest Hours,27600000.0,24500000,2016
Kung Fu Panda 3,140000000,143528619,517599142,2016,Kung Fu Panda 3,143500000.0,377600000,2016
Dirty Grandpa,11500000,35593113,105078449,2016,Dirty Grandpa,35600000.0,58500000,2016
The 5th Wave,38000000,34912982,111336398,2016,The 5th Wave,34900000.0,75000000,2016
Ride Along 2,40000000,90862685,124827316,2016,Ride Along 2,91200000.0,33400000,2016
13 Hours: The Secret Soldiers of Benghazi,50000000,52853219,69411370,2016,13 Hours: The Secret Soldiers of Benghazi,52900000.0,16600000,2016
The Lady in the Van,6000000,10021175,42320503,2016,The Lady in the Van,10000000.0,31400000,2015
The Forest,10000000,26594261,40749230,2016,The Forest,26600000.0,11000000,2016
Anomalisa,8000000,3759286,5706168,2015,Anomalisa,3800000.0,1900000,2015
The Revenant,135000000,183637894,532938302,2015,The Revenant,183600000.0,349300000,2015
The Hateful Eight,62000000,54117416,147864886,2015,The Hateful Eight,54100000.0,101600000,2015
Joy,60000000,56451232,101134059,2015,Joy,56500000.0,44700000,2015
Alvin and the Chipmunks: The Road Chip,90000000,85886987,249517956,2015,Alvin and the Chipmunks: The Road Chip,85900000.0,148900000,2015
Sisters,30000000,87044645,106030660,2015,Sisters,87000000.0,18000000,2015
In the Heart of the Sea,100000000,25020758,89693309,2015,In the Heart of the Sea,25000000.0,68900000,2015
The Big Short,28000000,70259870,133162752,2015,The Big Short,70300000.0,63200000,2015
Krampus,15000000,42725475,61788393,2015,Krampus,42700000.0,18800000,2015
Victor Frankenstein,40000000,5775076,31124367,2015,Victor Frankenstein,5800000.0,28500000,2015
Creed,37000000,109767581,173567581,2015,Creed,109800000.0,63800000,2015
The Good Dinosaur,187500000,123087120,333771037,2015,The Good Dinosaur,123100000.0,209100000,2015
The Night Before,25000000,43035725,52427346,2015,The Night Before,43000000.0,9300000,2015
Legend,25000000,1872994,42425450,2015,Legend,1900000.0,41100000,2015
Legend,25000000,15502112,23506237,1986,Legend,1900000.0,41100000,2015
Carol,11800000,12711491,42843521,2015,Carol,12700000.0,27600000,2015
The Hunger Games: Mockingjay - Part 2,160000000,281723902,648986787,2015,The Hunger Games: Mockingjay - Part 2,281700000.0,371700000,2015
By the Sea,20000000,538460,3727746,2015,By the Sea,538000.0,2800000,2015
Love the Coopers,18000000,26302731,42227490,2015,Love the Coopers,26300000.0,16100000,2015
The 33,25000000,12227722,28400715,2015,The 33,12200000.0,12700000,2015
The Peanuts Movie,99000000,130178411,250091610,2015,The Peanuts Movie,130199999.0,116100000,2015
Spectre,300000000,200074175,879620923,2015,Spectre,200100000.0,680600000,2015
Spotlight,20000000,45055776,92088460,2015,Spotlight,45100000.0,53200000,2015
Brooklyn,11000000,38322743,62076141,2015,Brooklyn,38300000.0,23800000,2015
Regression,20000000,55039,15824374,2015,Regression,55000.0,17600000,2016
Scouts Guide to the Zombie Apocalypse,15000000,3703046,15554855,2015,Scouts Guide to the Zombie Apocalypse,3700000.0,12400000,2015
Burnt,20000000,13651946,36773510,2015,Burnt,13700000.0,23000000,2015
Suffragette,14000000,4702420,34044909,2015,Suffragette,4700000.0,11300000,2015
The Last Witch Hunter,80000000,27367660,130818912,2015,The Last Witch Hunter,27400000.0,119600000,2015
Jem and the Holograms,5000000,2184640,2368937,2015,Jem and the Holograms,2200000.0,149000,2015
Paranormal Activity: The Ghost Dimension,10000000,18297124,77959374,2015,Paranormal Activity: The Ghost Dimension,18300000.0,60600000,2015
Crimson Peak,55000000,31090320,74966854,2015,Crimson Peak,31100000.0,43600000,2015
Bridge of Spies,40000000,72313754,162498338,2015,Bridge of Spies,72300000.0,93200000,2015
Goosebumps,58000000,80069458,158905324,2015,Goosebumps,80100000.0,70100000,2015
Room,13000000,14677674,36262783,2015,Room,14700000.0,20700000,2015
Trash,12000000,17484,6553186,2015,Trash,17500.0,4800000,2015
Pan,150000000,35088320,151525973,2015,Pan,35100000.0,93300000,2015
Steve Jobs,30000000,17766658,35579007,2015,Steve Jobs,17800000.0,16700000,2015
The Martian,108000000,228433663,655271443,2015,The Martian,228400000.0,401700000,2015
Shanghai,50000000,46425,15505922,2015,Shanghai,46400.0,9200000,2015
The Walk,35000000,10161183,61492104,2015,The Walk,10100000.0,51000000,2015
Hotel Transylvania 2,80000000,169700110,469500298,2015,Hotel Transylvania 2,169700000.0,305100000,2015
The Intern,40000000,75764672,197115710,2015,The Intern,75800000.0,118800000,2015
Sicario,30000000,46889293,84393749,2015,Sicario,46900000.0,38000000,2015
Maze Runner: The Scorch Trials,61000000,81697192,310566162,2015,Maze Runner: The Scorch Trials,81700000.0,230600000,2015
Black Mass,53000000,62575678,98837872,2015,Black Mass,62600000.0,37200000,2015
The Perfect Guy,18000000,57027435,60278166,2015,The Perfect Guy,57000000.0,3200000,2015
The Visit,5000000,65206105,98677816,2015,The Visit,65200000.0,33200000,2015
The Transporter Refueled,22000000,16029670,69698495,2015,The Transporter Refueled,16000000.0,56600000,2015
A Walk in the Woods,8000000,29499394,37119358,2015,A Walk in the Woods,29500000.0,8000000,2015
We Are Your Friends,2000000,3591417,10153415,2015,We Are Your Friends,3600000.0,7500000,2015
No Escape,5000000,27288872,42844516,2015,No Escape,27300000.0,27100000,2015
American Ultra,28000000,14439985,30295028,2015,American Ultra,14400000.0,12700000,2015
Hitman: Agent 47,35000000,22467450,82182803,2015,Hitman: Agent 47,22500000.0,59900000,2015
Sinister 2,10000000,27740955,54104225,2015,Sinister 2,27700000.0,25100000,2015
The Man From U.N.C.L.E.,75000000,45445109,104949584,2015,The Man From U.N.C.L.E.,45400000.0,64400000,2015
Straight Outta Compton,28000000,161197785,202182981,2015,Straight Outta Compton,161200000.0,40400000,2015
Ricki and the Flash,18000000,26839498,41166033,2015,Ricki and the Flash,26800000.0,14500000,2015
Fantastic Four,120000000,56117548,167849187,2015,Fantastic Four,56100000.0,111900000,2015
Fantastic Four,87500000,154696080,333132750,2005,Fantastic Four,56100000.0,111900000,2015
Vacation,31000000,58884188,102306500,2015,Vacation,58900000.0,46000000,2015
Pixels,90000000,78765986,244041804,2015,Pixels,78700000.0,166100000,2015
Southpaw,30000000,52421953,94156456,2015,Southpaw,52400000.0,39500000,2015
Paper Towns,12000000,32000304,85450484,2015,Paper Towns,32000000.0,53500000,2015
Ant-Man,130000000,180202163,518858449,2015,Ant-Man,180200000.0,339100000,2015
Trainwreck,35000000,110212700,141123897,2015,Trainwreck,110200000.0,30600000,2015
The Gallows,100000,22764410,41656474,2015,The Gallows,22800000.0,20200000,2015
Minions,74000000,336045770,1160336173,2015,Minions,336000000.0,823400000,2015
Self/Less,26000000,12279691,33667319,2015,Self/Less,12300000.0,18200000,2015
Terminator: Genisys,155000000,89760956,432150894,2015,Terminator: Genisys,89800000.0,350800000,2015
Magic Mike XXL,14500000,66013057,123660597,2015,Magic Mike XXL,66000000.0,56500000,2015
Ted 2,68000000,81476385,217214143,2015,Ted 2,81500000.0,135200000,2015
Escobar: Paradise Lost,17000000,195792,3917679,2015,Escobar: Paradise Lost,196000.0,3600000,2015
Dope,7000000,17506470,18190831,2015,Dope,17500000.0,480000,2015
Inside Out,175000000,356461711,854235992,2015,Inside Out,356500000.0,501100000,2015
Jurassic World,215000000,652270625,1648854864,2015,Jurassic World,652300000.0,"1,019.4",2015
Me and Earl and the Dying Girl,8000000,6758416,9266180,2015,Me and Earl and the Dying Girl,6800000.0,2300000,2015
Insidious Chapter 3,10000000,52218558,120453155,2015,Insidious Chapter 3,52200000.0,60800000,2015
Entourage,30000000,32363404,46438538,2015,Entourage,32400000.0,16900000,2015
Aloha,37000000,21052030,25387091,2015,Aloha,21100000.0,5200000,2015
San Andreas,110000000,155190832,456258539,2015,San Andreas,155200000.0,318800000,2015
Tomorrowland,170000000,93436322,206627518,2015,Tomorrowland,93400000.0,115700000,2015
Mad Max: Fury Road,150000000,153636354,370098020,2015,Mad Max: Fury Road,153600000.0,224800000,2015
Pitch Perfect 2,29000000,184296230,287625468,2015,Pitch Perfect 2,184300000.0,103200000,2015
Hot Pursuit,35000000,34580201,45671512,2015,Hot Pursuit,34600000.0,17100000,2015
The D Train,3000000,669688,772366,2015,The D Train,673000.0,102000,2015
Avengers: Age of Ultron,330600000,459005868,1403013963,2015,Avengers: Age of Ultron,459000000.0,946400000,2015
The Water Diviner,22500000,4200117,31054727,2015,The Water Diviner,4200000.0,34000000,2015
The Age of Adaline,30000000,42629776,68984536,2015,The Age of Adaline,42600000.0,23000000,2015
Paul Blart: Mall Cop 2,38000000,71091594,107650646,2015,Paul Blart: Mall Cop 2,71000000.0,36600000,2015
Unfriended,1000000,32789645,64364198,2015,Unfriended,32500000.0,31600000,2015
Child 44,50000000,1224330,8004221,2015,Child 44,1200000.0,11700000,2015
Ex Machina,13000000,25440971,38358392,2015,Ex Machina,25400000.0,11400000,2015
The Longest Ride,34000000,37446117,63802928,2015,The Longest Ride,37400000.0,25500000,2015
Furious 7,190000000,353007020,1518722794,2015,Furious 7,353000000.0,"1,163.0",2015
Woman in Gold,11000000,33307793,58586407,2015,Woman in Gold,33299999.0,28300000,2015
Get Hard,40000000,90411453,106511453,2015,Get Hard,90400000.0,21400000,2015
While We're Young,10000000,7582065,17503828,2015,While We're Young,7600000.0,9700000,2015
Do You Believe?,2300000,12985600,14304931,2015,Do You Believe?,13000000.0,1400000,2015
The Gunman,40000000,10664749,18594227,2015,The Gunman,10700000.0,13500000,2015
Danny Collins,10000000,5637066,8465845,2015,Danny Collins,5600000.0,5200000,2015
The Divergent Series: Insurgent,110000000,130179072,295075882,2015,The Divergent Series: Insurgent,130199999.0,167100000,2015
Run All Night,50000000,26461644,66961644,2015,Run All Night,26500000.0,45200000,2015
The Second Best Exotic Marigold Hotel,10000000,33078266,90384306,2015,The Second Best Exotic Marigold Hotel,33100000.0,52900000,2015
Unfinished Business,35000000,10219501,13214051,2015,Unfinished Business,10200000.0,4200000,2015
Chappie,49000000,31569268,105002056,2015,Chappie,31600000.0,70500000,2015
The Lazarus Effect,5000000,25801570,38359310,2015,The Lazarus Effect,25800000.0,12600000,2015
The DUFF,8500000,34030343,43528634,2015,The DUFF,34000000.0,9500000,2015
Hot Tub Time Machine 2,14000000,12314651,12826644,2015,Hot Tub Time Machine 2,12300000.0,767000,2015
"McFarland, USA",17000000,44480275,45707924,2015,"McFarland, USA",44500000.0,1200000,2015
Kingsman: The Secret Service,94000000,128261724,404561724,2015,Kingsman: The Secret Service,128300000.0,286100000,2015
Fifty Shades of Grey,40000000,166167230,570998101,2015,Fifty Shades of Grey,166200000.0,404800000,2015
Jupiter Ascending,179000000,47482519,181982519,2015,Jupiter Ascending,47400000.0,136600000,2015
Seventh Son,95000000,17725785,108874967,2015,Seventh Son,17200000.0,97000000,2015
The SpongeBob Movie: Sponge Out of Water,74000000,162994032,311013181,2015,The SpongeBob Movie: Sponge Out of Water,163000000.0,162200000,2015
Project Almanac,12000000,22348241,32909437,2015,Project Almanac,22300000.0,10900000,2015
The Boy Next Door,4000000,36006065,53401938,2015,The Boy Next Door,35400000.0,17000000,2015
Mortdecai,60000000,7696134,30396134,2015,Mortdecai,7700000.0,39600000,2015
The Wedding Ringer,23000000,64460211,80171596,2015,The Wedding Ringer,64500000.0,15300000,2015
Blackhat,70000000,8005980,19665004,2015,Blackhat,8000000.0,11600000,2015
Still Alice,5000000,18656400,41699612,2015,Still Alice,18800000.0,25100000,2015
Paddington,55000000,76223578,258789097,2015,Paddington,76300000.0,191800000,2015
Selma,20000000,52076908,66776576,2015,Selma,52100000.0,14700000,2014
Taken 3,48000000,89256424,327656424,2015,Taken 3,89300000.0,237200000,2015
A Most Violent Year,20000000,5749134,8846875,2014,A Most Violent Year,5700000.0,6300000,2014
Unbroken,65000000,115637895,163527824,2014,Unbroken,115600000.0,47800000,2014
American Sniper,58000000,350126372,547326372,2014,American Sniper,350100000.0,197300000,2014
Into the Woods,56200000,128002372,213116401,2014,Into the Woods,128000000.0,85100000,2014
Big Eyes,10000000,14482031,27317872,2014,Big Eyes,14500000.0,14800000,2014
Mr. Turner,14000000,3958546,25187026,2014,Mr. Turner,4000000.0,18200000,2014
Night at the Museum: Secret of the Tomb,127000000,113746621,353756621,2014,Night at the Museum: Secret of the Tomb,113700000.0,249500000,2014
The Hobbit: The Battle of the Five Armies,250000000,255119788,945577621,2014,The Hobbit: The Battle of the Five Armies,255100000.0,700900000,2014
Top Five,12000000,25317379,26001741,2014,Top Five,25300000.0,800000,2014
Inherent Vice,20000000,8110975,14772346,2014,Inherent Vice,8100000.0,6600000,2014
Exodus: Gods and Kings,140000000,65014513,268314513,2014,Exodus: Gods and Kings,65000000.0,203200000,2014
The Gambler,25000000,33680992,38718031,2014,The Gambler,33700000.0,5600000,2014
The Gambler,3000000,51773,101773,1999,The Gambler,33700000.0,5600000,2014
The Imitation Game,15000000,91125143,227740463,2014,The Imitation Game,91100000.0,142400000,2014
The Babadook,2000000,950792,7482387,2014,The Babadook,964000.0,9300000,2014
Penguins of Madagascar,132000000,83350911,366942531,2014,Penguins of Madagascar,83400000.0,289700000,2014
Horrible Bosses 2,40000000,54445357,105945357,2014,Horrible Bosses 2,54400000.0,53200000,2014
The Hunger Games: Mockingjay - Part 1,125000000,337135885,766575131,2014,The Hunger Games: Mockingjay - Part 1,337100000.0,418200000,2014
Dumb and Dumber To,40000000,86208010,156553592,2014,Dumb and Dumber To,86200000.0,83600000,2014
Big Hero 6,165000000,222527828,652127828,2014,Big Hero 6,222500000.0,435300000,2014
The Theory of Everything,15000000,35893537,123327692,2014,The Theory of Everything,35900000.0,87800000,2014
Interstellar,165000000,188017894,666379375,2014,Interstellar,188000000.0,489400000,2014
Nightcrawler,8500000,32381218,50334418,2014,Nightcrawler,32400000.0,6300000,2014
John Wick,30000000,43037835,76235001,2014,John Wick,43000000.0,45700000,2014
Ouija,5000000,50856010,103300632,2014,Ouija,50900000.0,52700000,2014
The Best of Me,26000000,26766213,41059418,2014,The Best of Me,26800000.0,9200000,2014
Whiplash,3300000,13092006,38969037,2014,Whiplash,13100000.0,35900000,2014
Dracula Untold,70000000,55991880,220241723,2014,Dracula Untold,56300000.0,160800000,2014
"Alexander and the Terrible, Horrible, No Good, Very Bad Day",28000000,66954149,101379287,2014,"Alexander and the Terrible, Horrible, No Good, Very Bad Day",67000000.0,34400000,2014
The Judge,50000000,47119388,76119388,2014,The Judge,47100000.0,37300000,2014
St. Vincent,13000000,44137712,54837234,2014,St. Vincent,44100000.0,10700000,2014
Gone Girl,61000000,167767189,368567189,2014,Gone Girl,167800000.0,201600000,2014
Annabelle,6500000,84273813,256862920,2014,Annabelle,84300000.0,172800000,2014
The Boxtrolls,60000000,50837305,111946251,2014,The Boxtrolls,50800000.0,58400000,2014
The Equalizer,55000000,101530738,192903624,2014,The Equalizer,101500000.0,90800000,2014
The Maze Runner,34000000,102427862,348319861,2014,The Maze Runner,102400000.0,245900000,2014
This is Where I Leave You,20000000,34296320,41296320,2014,This is Where I Leave You,34300000.0,7000000,2014
A Walk Among the Tombstones,28000000,26017685,62108587,2014,A Walk Among the Tombstones,26300000.0,26900000,2014
The Drop,12600000,10724389,19054534,2014,The Drop,10700000.0,7900000,2014
Dolphin Tale 2,36000000,42024533,57824533,2014,Dolphin Tale 2,42000000.0,15800000,2014
The November Man,15000000,25018119,34820335,2014,The November Man,25000000.0,7500000,2014
If I Stay,11000000,50474843,78356170,2014,If I Stay,50500000.0,28400000,2014
The Expendables 3,100000000,39322544,209461378,2014,The Expendables 3,39300000.0,175300000,2014
The Giver,25000000,45090374,66540205,2014,The Giver,45100000.0,21900000,2014
The Hundred-Foot Journey,22000000,54235441,94270488,2014,The Hundred-Foot Journey,54200000.0,34600000,2014
Guardians of the Galaxy,170000000,333172112,770867516,2014,Guardians of the Galaxy,333200000.0,440200000,2014
A Most Wanted Man,15000000,17237855,36068890,2014,A Most Wanted Man,17200000.0,19000000,2014
And So It Goes,18000000,15160801,17920013,2014,And So It Goes,15200000.0,10200000,2014
Lucy,40000000,126573960,457507776,2014,Lucy,126700000.0,336700000,2014
The Purge: Anarchy,9000000,71562550,111534881,2014,The Purge: Anarchy,72000000.0,40000000,2014
Wish I Was Here,6000000,3591299,6591365,2014,Wish I Was Here,3600000.0,1900000,2014
Sex Tape,40000000,38543473,126069509,2014,Sex Tape,38500000.0,87500000,2014
Boyhood,4000000,25379975,57273049,2014,Boyhood,25400000.0,19100000,2014
Dawn of the Planet of the Apes,170000000,208545589,710644566,2014,Dawn of the Planet of the Apes,208500000.0,502100000,2014
Earth to Echo,13000000,38934842,42174545,2014,Earth to Echo,38900000.0,6400000,2014
Tammy,20000000,84525432,96407655,2014,Tammy,84500000.0,16000000,2014
Snowpiercer,40000000,4563029,88069880,2014,Snowpiercer,4600000.0,82200000,2014
Transformers: Age of Extinction,210000000,245439076,1104039076,2014,Transformers: Age of Extinction,245400000.0,858600000,2014
Begin Again,8000000,16170632,68838736,2014,Begin Again,16200000.0,47300000,2014
Jersey Boys,40000000,47047013,65282732,2014,Jersey Boys,47000000.0,20600000,2014
Think Like a Man Too,24000000,65028687,70027933,2014,Think Like a Man Too,65200000.0,5000000,2014
The Rover,8500000,1109199,3180252,2014,The Rover,1100000.0,2100000,2014
22 Jump Street,50000000,191719337,331333876,2014,22 Jump Street,191700000.0,139600000,2014
How to Train Your Dragon 2,145000000,177002924,614586270,2014,How to Train Your Dragon 2,177000000.0,444500000,2014
Edge of Tomorrow,178000000,100206256,370541256,2014,Edge of Tomorrow,100200000.0,270300000,2014
Maleficent,180000000,241407328,758536735,2014,Maleficent,241400000.0,517100000,2014
Blended,45000000,46290741,127990741,2014,Blended,46300000.0,81700000,2014
X-Men: Days of Future Past,200000000,233921534,747862775,2014,X-Men: Days of Future Past,233900000.0,513900000,2014
Million Dollar Arm,25000000,36447959,39217912,2014,Million Dollar Arm,36500000.0,2800000,2014
The Immigrant,16000000,2013456,7585011,2014,The Immigrant,2000000.0,3800000,2014
Neighbors,18000000,150086800,270944428,2014,Neighbors,150200000.0,120500000,2014
The Amazing Spider-Man 2,200000000,202853933,708996336,2014,The Amazing Spider-Man 2,202900000.0,506100000,2014
Brick Mansions,28000000,20396829,73421224,2014,Brick Mansions,20400000.0,48500000,2014
The Other Woman,40000000,83911193,195111193,2014,The Other Woman,25400.0,427000,2011
A Haunted House 2,4000000,17329487,21206861,2014,A Haunted House 2,17300000.0,6600000,2014
Transcendence,100000000,23022309,103039258,2014,Transcendence,23000000.0,80000000,2014
Heaven is for Real,12000000,91386097,100916299,2014,Heaven is for Real,91400000.0,9900000,2014
Oculus,5000000,27695246,44115496,2014,Oculus,27700000.0,16300000,2014
Rio 2,130000000,131538435,492846291,2014,Rio 2,131500000.0,368600000,2014
Draft Day,25000000,28842237,29847480,2014,Draft Day,28800000.0,620000,2014
The Railway Man,18000000,4438438,23910210,2014,The Railway Man,4400000.0,17900000,2014
Captain America: The Winter Soldier,170000000,259746958,714401889,2014,Captain America: The Winter Soldier,259800000.0,454500000,2014
Noah,130000000,101200044,352831065,2014,Noah,101200000.0,261399999,2014
Divergent,85000000,150947895,276014965,2014,Divergent,150900000.0,137900000,2014
Muppets Most Wanted,55000000,51178893,79312301,2014,Muppets Most Wanted,51200000.0,29200000,2014
Need for Speed,66000000,43568507,194169619,2014,Need for Speed,43600000.0,159700000,2014
Veronica Mars,6000000,3322127,3485383,2014,Veronica Mars,3300000.0,195000,2014
The Grand Budapest Hotel,31000000,59076019,163981261,2014,The Grand Budapest Hotel,59300000.0,115500000,2014
Mr. Peabody & Sherman,145000000,111506430,269806430,2014,Mr. Peabody & Sherman,111500000.0,164200000,2014
Son of God,22000000,59700064,70949793,2014,Son of God,59700000.0,8100000,2014
Non-Stop,50000000,91742160,222383055,2014,Non-Stop,92200000.0,130600000,2014
3 Days to Kill,28000000,30697999,38959900,2014,3 Days to Kill,30700000.0,21900000,2014
Pompeii,80000000,23169033,108469033,2014,Pompeii,23200000.0,94600000,2014
The Monuments Men,70000000,78031620,158702748,2014,The Monuments Men,78000000.0,77000000,2014
Labor Day,18000000,13371528,14189810,2014,Labor Day,13400000.0,6900000,2014
That Awkward Moment,8000000,26068955,53068955,2014,That Awkward Moment,26100000.0,14400000,2014
"I, Frankenstein",65000000,19075290,74575290,2014,"I, Frankenstein",19100000.0,52100000,2014
Jack Ryan: Shadow Recruit,60000000,50577412,131377412,2014,Jack Ryan: Shadow Recruit,50600000.0,84900000,2014
The Nut Job,30000000,64251538,122529966,2014,The Nut Job,64300000.0,56600000,2014
Devil's Due,7000000,15821461,36146087,2014,Devil's Due,15800000.0,21100000,2014
Ride Along,25000000,134202565,153733800,2014,Ride Along,134900000.0,19500000,2014
The Legend of Hercules,70000000,18848538,58953319,2014,The Legend of Hercules,18800000.0,42400000,2014
Paranormal Activity: The Marked Ones,5000000,32462372,90904854,2014,Paranormal Activity: The Marked Ones,32500000.0,58400000,2014
The Wolf of Wall Street,100000000,116900694,389870414,2013,The Wolf of Wall Street,116900000.0,275100000,2013
Lone Survivor,40000000,125095601,149804632,2013,Lone Survivor,125100000.0,29700000,2013
Grudge Match,40000000,29807260,69807260,2013,Grudge Match,29800000.0,15100000,2013
August: Osage County,25000000,37738810,50738810,2013,August: Osage County,37700000.0,36500000,2013
47 Ronin,175000000,38362475,151716815,2013,47 Ronin,38400000.0,113400000,2013
The Secret Life of Walter Mitty,91000000,58236838,187861183,2013,The Secret Life of Walter Mitty,58200000.0,129900000,2013
Dhoom 3,24000000,8031955,11723620,2013,Dhoom 3,8000000.0,80000000,2013
Walking with Dinosaurs,80000000,36076121,123368842,2013,Walking with Dinosaurs,36100000.0,90500000,2013
Anchorman 2: The Legend Continues,50000000,127352707,172185754,2013,Anchorman 2: The Legend Continues,125200000.0,46300000,2013
Saving Mr. Banks,35000000,83299761,114962525,2013,Saving Mr. Banks,83300000.0,34600000,2013
Tyler Perry's A Madea Christmas,25000000,52543354,52543354,2013,Tyler Perry's A Madea Christmas,52500000.0,853000,2013
American Hustle,40000000,150117807,257878294,2013,American Hustle,150100000.0,101100000,2013
The Hobbit: The Desolation of Smaug,250000000,258366855,960366855,2013,The Hobbit: The Desolation of Smaug,258399999.0,700000000,2013
Inside Llewyn Davis,11000000,13248209,32943247,2013,Inside Llewyn Davis,13200000.0,19700000,2013
Khumba,15000000,0,20898221,2013,Khumba,1000.0,27200000,2013
Out of the Furnace,22000000,11330849,15434375,2013,Out of the Furnace,11300000.0,4300000,2013
Mandela: Long Walk to Freedom,35000000,8323085,29890402,2013,Mandela: Long Walk to Freedom,8300000.0,19000000,2013
Homefront,22000000,20158492,51695362,2013,Homefront,20200000.0,22900000,2013
Black Nativity,17500000,7018188,7285135,2013,Black Nativity,7000000.0,436000,2013
The Hunger Games: Catching Fire,130000000,424668047,864868047,2013,The Hunger Games: Catching Fire,424700000.0,440300000,2013
Frozen,150000000,400738009,1272469910,2013,Frozen,400700000.0,875700000,2013
Delivery Man,22000000,30659817,70536870,2013,Delivery Man,30700000.0,19300000,2013
Philomena,12000000,37709979,98963392,2013,Philomena,37700000.0,62400000,2013
The Best Man Holiday,17000000,70525195,72835710,2013,The Best Man Holiday,70500000.0,2300000,2013
Nebraska,12000000,17654912,24761360,2013,Nebraska,17700000.0,10000000,2013
The Book Thief,19000000,21488481,76086711,2013,The Book Thief,21500000.0,55100000,2013
Thor: The Dark World,150000000,206362140,644602516,2013,Thor: The Dark World,206400000.0,438200000,2013
Free Birds,55000000,55750480,110387072,2013,Free Birds,55800000.0,54600000,2013
About Time,12000000,15323921,89309178,2013,About Time,15300000.0,71800000,2013
Ender's Game,110000000,61737191,127983283,2013,Ender's Game,61700000.0,63800000,2013
Mr. Nobody,46500000,3622,22254,2013,Mr. Nobody,3600.0,3500000,2013
Dallas Buyers Club,5000000,27298285,60611845,2013,Dallas Buyers Club,27300000.0,27900000,2013
The Counselor,25000000,16973715,71009334,2013,The Counselor,17000000.0,54000000,2013
Jackass Presents: Bad Grandpa,15000000,102003019,160903019,2013,Jackass Presents: Bad Grandpa,102000000.0,49800000,2013
Escape Plan,70000000,25135965,103735965,2013,Escape Plan,25100000.0,112200000,2013
The Fifth Estate,26000000,3254172,6154172,2013,The Fifth Estate,3300000.0,5300000,2013
12 Years a Slave,20000000,56671993,181025343,2013,12 Years a Slave,56700000.0,131100000,2013
Machete Kills,20000000,8008161,18273009,2013,Machete Kills,8000000.0,7000000,2013
Captain Phillips,55000000,107136417,220648184,2013,Captain Phillips,107100000.0,111700000,2013
Gravity,110000000,274092705,693698673,2013,Gravity,274100000.0,449100000,2013
Runner Runner,30000000,19316646,60512680,2013,Runner Runner,19300000.0,43400000,2013
Metallica Through the Never,18000000,3419967,9082906,2013,Metallica Through the Never,3400000.0,4600000,2013
Baggage Claim,8500000,21569509,22885836,2013,Baggage Claim,21600000.0,887000,2013
Cloudy with a Chance of Meatballs 2,78000000,119793567,274392649,2013,Cloudy with a Chance of Meatballs 2,119800000.0,154500000,2013
Don Jon,5500000,24477704,41268579,2013,Don Jon,24500000.0,6000000,2013
Prisoners,46000000,61002302,113402302,2013,Prisoners,61000000.0,61100000,2013
Battle of the Year,20000000,8888355,16723377,2013,Battle of the Year,8900000.0,7700000,2013
Enough Said,8000000,17550872,25621449,2013,Enough Said,17600000.0,7700000,2013
Insidious Chapter 2,5000000,83586447,161921515,2013,Insidious Chapter 2,83600000.0,78300000,2013
Riddick,38000000,42025135,94763758,2013,Riddick,42000000.0,56300000,2013
One Direction: This is Us,10000000,28873374,68541786,2013,One Direction: This is Us,28900000.0,39700000,2013
The World's End,20000000,26004851,47508505,2013,The World's End,26000000.0,20100000,2013
The Mortal Instruments: City of Bones,60000000,31165421,75965567,2013,The Mortal Instruments: City of Bones,31200000.0,64200000,2013
Paranoia,40000000,7388654,16340767,2013,Paranoia,7400000.0,6400000,2013
Lee Daniels' The Butler,30000000,116632095,177025498,2013,Lee Daniels' The Butler,116600000.0,60000000,2013
Ain't Them Bodies Saints,5000000,391611,1075009,2013,Ain't Them Bodies Saints,397000.0,635000,2013
Kick-Ass 2,28000000,28795985,63129909,2013,Kick-Ass 2,28800000.0,32000000,2013
Jobs,18000000,16131410,43402515,2013,Jobs,16100000.0,19800000,2013
Elysium,120000000,93050117,286192091,2013,Elysium,93100000.0,193100000,2013
Percy Jackson: Sea of Monsters,90000000,68559554,200859554,2013,Percy Jackson: Sea of Monsters,68600000.0,131300000,2013
We're the Millers,37000000,150394119,267816276,2013,We're the Millers,150400000.0,119600000,2013
2 Guns,61000000,75612460,132493015,2013,2 Guns,75600000.0,56300000,2013
The Smurfs 2,110000000,71017784,348547523,2013,The Smurfs 2,71000000.0,276500000,2013
Blue Jasmine,18000000,33404871,102912961,2013,Blue Jasmine,33400000.0,64099999,2013
The Wolverine,115000000,132556852,416456852,2013,The Wolverine,132600000.0,282300000,2013
The Conjuring,20000000,137400141,318000141,2013,The Conjuring,137400000.0,182100000,2013
Only God Forgives,4800000,775849,4494560,2013,Only God Forgives,779000.0,9900000,2013
R.I.P.D.,130000000,33618855,79076678,2013,R.I.P.D.,33600000.0,44700000,2013
Turbo,135000000,83028130,286896578,2013,Turbo,83000000.0,199500000,2013
Pacific Rim,190000000,101802906,411002906,2013,Pacific Rim,101800000.0,309200000,2013
Fruitvale Station,900000,16098998,17549645,2013,Fruitvale Station,16100000.0,1300000,2013
Grown Ups 2,80000000,133668525,247023808,2013,Grown Ups 2,133699999.0,113300000,2013
Despicable Me 2,76000000,368065385,975216835,2013,Despicable Me 2,368100000.0,602700000,2013
Kevin Hart: Let Me Explain,2500000,32244051,32327255,2013,Kevin Hart: Let Me Explain,32200000.0,74000,2013
The Lone Ranger,275000000,89302115,260002115,2013,The Lone Ranger,89300000.0,171200000,2013
White House Down,150000000,73103784,205440387,2013,White House Down,73100000.0,132300000,2013
The Heat,43000000,159581587,229727774,2013,The Heat,159600000.0,70300000,2013
World War Z,190000000,202359711,531514650,2013,World War Z,202400000.0,337600000,2013
Monsters University,200000000,268488329,743588329,2013,Monsters University,268500000.0,475700000,2013
Man of Steel,225000000,291045518,667999518,2013,Man of Steel,291000000.0,377000000,2013
This is the End,32000000,101470202,126539117,2013,This is the End,101500000.0,24600000,2013
The Internship,58000000,44672764,93672764,2013,The Internship,44700000.0,48800000,2013
The Purge,3000000,64473115,91266581,2013,The Purge,64500000.0,24900000,2013
After Earth,130000000,60522097,251499665,2013,After Earth,60500000.0,183300000,2013
The East,6500000,2274649,3027956,2013,The East,2300000.0,99700,2013
Now You See Me,75000000,117723989,342769200,2013,Now You See Me,117700000.0,234000000,2013
Before Midnight,3000000,8110621,23251930,2013,Before Midnight,8100000.0,3100000,2013
Epic,100000000,107518682,262794441,2013,Epic,107500000.0,160900000,2013
Star Trek Into Darkness,190000000,228778661,467381584,2013,Star Trek Into Darkness,228800000.0,238600000,2013
Iron Man 3,200000000,408992272,1215392272,2013,Iron Man 3,409000000.0,805800000,2013
Mud,10000000,21590086,31556959,2013,Mud,21600000.0,11000000,2013
The Big Wedding,32500000,21819348,48425971,2013,The Big Wedding,21800000.0,24700000,2013
Oblivion,120000000,89107235,287916633,2013,Oblivion,89100000.0,197100000,2013
Trance,16000000,2322593,22594052,2013,Trance,2300000.0,21900000,2013
Trance,950000,0,0,2012,Trance,2300000.0,21900000,2013
The Place Beyond the Pines,15000000,21403519,47011449,2013,The Place Beyond the Pines,21400000.0,14100000,2013
G.I. Joe: Retaliation,140000000,122523060,375740705,2013,G.I. Joe: Retaliation,122500000.0,253200000,2013
Olympus Has Fallen,70000000,98927592,172878928,2013,Olympus Has Fallen,98900000.0,71300000,2013
The Sapphires,9000000,2450867,20395040,2013,The Sapphires,2500000.0,18000000,2013
On the Road,25000000,720828,9313302,2013,On the Road,744000.0,8000000,2012
The Croods,135000000,187168425,573068425,2013,The Croods,187200000.0,400000000,2013
The Incredible Burt Wonderstone,32000000,22537881,27392609,2013,The Incredible Burt Wonderstone,22500000.0,4900000,2013
Spring Breakers,5000000,14124286,31149251,2013,Spring Breakers,14100000.0,17600000,2013
The Call,12800000,51872378,69821476,2013,The Call,51900000.0,16700000,2013
Upside Down,50000000,102118,26387039,2013,Upside Down,105000.0,8000000,2013
Dead Man Down,30000000,10895295,19599974,2013,Dead Man Down,10900000.0,7200000,2013
Stoker,12000000,1703125,12034913,2013,Stoker,1700000.0,10400000,2013
Jack the Giant Slayer,195000000,65187603,197687603,2013,Jack the Giant Slayer,65200000.0,132500000,2013
21 and Over,13000000,25682380,42195766,2013,21 and Over,25700000.0,22400000,2013
The Sweeney,4500000,26345,8000366,2013,The Sweeney,26700.0,6300000,2013
Dark Skies,3500000,17418667,27704111,2013,Dark Skies,17400000.0,9000000,2013
Escape From Planet Earth,40000000,57012977,74156610,2013,Escape From Planet Earth,57000000.0,17600000,2013
A Good Day to Die Hard,92000000,67349198,304249198,2013,A Good Day to Die Hard,67300000.0,237300000,2013
Safe Haven,28000000,71399120,94050951,2013,Safe Haven,71300000.0,26200000,2013
Identity Thief,35000000,134506920,175361578,2013,Identity Thief,134500000.0,39500000,2013
Warm Bodies,30000000,66380662,115121608,2013,Warm Bodies,66400000.0,50600000,2013
Last Vegas,28000000,63914167,112914167,2013,Last Vegas,63900000.0,70500000,2013
Movie 43,10000000,8840453,31164747,2013,Movie 43,8800000.0,23600000,2013
Parker,35000000,17616641,48543388,2013,Parker,17600000.0,28600000,2013
The Last Stand,30000000,12050299,48330757,2013,The Last Stand,12100000.0,36300000,2013
Mama,15000000,71628180,148095566,2013,Mama,71600000.0,74800000,2013
Gangster Squad,60000000,46000903,104100903,2013,Gangster Squad,46000000.0,59200000,2013
A Haunted House,2500000,40041683,59922558,2013,A Haunted House,40000000.0,20100000,2013
Quartet,11000000,18388357,56178935,2013,Quartet,18400000.0,41100000,2013
Texas Chainsaw 3D,20000000,34341945,47666013,2013,Texas Chainsaw 3D,34300000.0,12900000,2013
Parental Guidance,25000000,77267296,120832383,2012,Parental Guidance,77300000.0,42500000,2012
Django Unchained,100000000,162805434,449948323,2012,Django Unchained,162800000.0,262600000,2012
Jack Reacher,60000000,80070736,217370736,2012,Jack Reacher,80100000.0,138300000,2012
The Impossible,40000000,19019882,169590606,2012,The Impossible,19000000.0,161300000,2012
The Guilt Trip,40000000,37134215,41294674,2012,The Guilt Trip,37100000.0,4700000,2012
Zero Dark Thirty,52500000,95720716,134612435,2012,Zero Dark Thirty,95700000.0,37100000,2012
Amour,9700000,6738954,36787044,2012,Amour,6700000.0,13100000,2012
The Hobbit: An Unexpected Journey,250000000,303003568,1017003568,2012,The Hobbit: An Unexpected Journey,303000000.0,718100000,2012
Killing Them Softly,15000000,14945541,39238443,2012,Killing Them Softly,15000000.0,22900000,2012
Life of Pi,120000000,124987022,620912003,2012,Life of Pi,125000000.0,484000000,2012
Rise of the Guardians,145000000,103412758,306900902,2012,Rise of the Guardians,103400000.0,203500000,2012
Anna Karenina,49000000,12816367,71004627,2012,Anna Karenina,12800000.0,56100000,2012
Silver Linings Playbook,21000000,132092958,236412453,2012,Silver Linings Playbook,132100000.0,104300000,2012
Lincoln,65000000,182207973,273346281,2012,Lincoln,182200000.0,93100000,2012
Skyfall,200000000,304360277,1110526981,2012,Skyfall,304400000.0,804200000,2012
Flight,31000000,93772375,160558438,2012,Flight,93800000.0,68000000,2012
The Man with the Iron Fists,15000000,15634090,22018988,2012,The Man with the Iron Fists,15600000.0,4099999,2012
Wreck-It Ralph,165000000,189412677,496511521,2012,Wreck-It Ralph,189400000.0,281800000,2012
Chasing Mavericks,20000000,6002756,8300821,2012,Chasing Mavericks,6000000.0,600,2012
Silent Hill: Revelation 3D,20000000,17530219,55975672,2012,Silent Hill: Revelation 3D,17500000.0,34800000,2012
Fun Size,14000000,9409538,11166615,2012,Fun Size,9400000.0,2000000,2012
Cloud Atlas,102000000,27108272,130673154,2012,Cloud Atlas,27100000.0,103400000,2012
Alex Cross,35000000,25888412,35426759,2012,Alex Cross,25900000.0,8700000,2012
The Sessions,1000000,6002451,11495204,2012,The Sessions,6000000.0,3100000,2012
Paranormal Activity 4,5000000,53900335,142817992,2012,Paranormal Activity 4,53900000.0,88900000,2012
Here Comes the Boom,42000000,45290318,73239258,2012,Here Comes the Boom,45300000.0,27800000,2012
Seven Psychopaths,13500000,15024049,33035736,2012,Seven Psychopaths,15000000.0,4400000,2012
Argo,44500000,136025503,227140757,2012,Argo,136000000.0,96300000,2012
Sinister,3000000,48086903,87727807,2012,Sinister,48100000.0,29600000,2012
The Paperboy,12500000,677200,4027663,2012,The Paperboy,693000.0,661000,2012
Taken 2,45000000,139854287,377807404,2012,Taken 2,139900000.0,236300000,2012
Frankenweenie,39000000,35287788,81150788,2012,Frankenweenie,35300000.0,46200000,2012
Pitch Perfect,17000000,65001093,116044347,2012,Pitch Perfect,65000000.0,50300000,2012
Looper,30000000,66486205,170466405,2012,Looper,66500000.0,110000000,2012
Hotel Transylvania,85000000,148313048,378505812,2012,Hotel Transylvania,148300000.0,210100000,2012
Trouble with the Curve,60000000,35763137,47818913,2012,Trouble with the Curve,35800000.0,13200000,2012
The Perks of Being a Wallflower,13000000,17742948,33069303,2012,The Perks of Being a Wallflower,17700000.0,15600000,2012
End of Watch,15000000,41003371,57586606,2012,End of Watch,41000000.0,7100000,2012
Dredd,45000000,13414714,41467606,2012,Dredd,13400000.0,22200000,2012
Arbitrage,12000000,7919574,35830713,2012,Arbitrage,7900000.0,27600000,2012
The Master,37500000,16247159,50647416,2012,The Master,16399999.0,11900000,2012
Resident Evil: Retribution,65000000,42345531,240647629,2012,Resident Evil: Retribution,42300000.0,197700000,2012
The Cold Light of Day,20000000,3763583,25361206,2012,The Cold Light of Day,3800000.0,13100000,2012
The Words,6000000,11494838,16369708,2012,The Words,11500000.0,1700000,2012
Bachelorette,3000000,446770,12577401,2012,Bachelorette,448000.0,11500000,2012
The Possession,14000000,49130588,82925064,2012,The Possession,49100000.0,36300000,2012
Lawless,26000000,37397291,54393687,2012,Lawless,37400000.0,16300000,2012
The Apparition,17000000,4936819,10637281,2012,The Apparition,4900000.0,4700000,2012
Premium Rush,35000000,20275446,31393201,2012,Premium Rush,20300000.0,10800000,2012
The Expendables 2,100000000,85028192,311979256,2012,The Expendables 2,85000000.0,229900000,2012
ParaNorman,60000000,56003051,108119662,2012,ParaNorman,56000000.0,51100000,2012
The Odd Life of Timothy Green,40000000,51853450,55249159,2012,The Odd Life of Timothy Green,51900000.0,4200000,2012
The Bourne Legacy,125000000,113203870,280355920,2012,The Bourne Legacy,113200000.0,162900000,2012
The Campaign,95000000,86907746,104907746,2012,The Campaign,86900000.0,18000000,2012
Hope Springs,30000000,63536011,133085295,2012,Hope Springs,63500000.0,50700000,2012
Diary of a Wimpy Kid: Dog Days,22000000,49008662,77229695,2012,Diary of a Wimpy Kid: Dog Days,49000000.0,28100000,2012
Killer Joe,10000000,1291645,4659110,2012,Killer Joe,2000000.0,1700000,2012
Step Up Revolution,33000000,35074677,165552290,2012,Step Up Revolution,35100000.0,105400000,2012
The Watch,55000000,34353000,67130045,2012,The Watch,35400000.0,32900000,2012
The Dark Knight Rises,275000000,448139099,1084439099,2012,The Dark Knight Rises,448100000.0,636800000,2012
Ice Age: Continental Drift,95000000,161321843,879765137,2012,Ice Age: Continental Drift,161300000.0,715900000,2012
Katy Perry: Part of Me,12000000,25326071,32700439,2012,Katy Perry: Part of Me,25300000.0,7400000,2012
The Amazing Spider-Man,220000000,262030663,757890267,2012,The Amazing Spider-Man,262000000.0,495900000,2012
Magic Mike,7000000,113721571,170549753,2012,Magic Mike,113700000.0,53500000,2012
Tyler Perry's Madea's Witness Protection,20000000,65653242,66950887,2012,Tyler Perry's Madea's Witness Protection,65700000.0,1200000,2012
Ted,50000000,218665740,556016627,2012,Ted,218800000.0,330600000,2012
Beasts of the Southern Wild,1800000,12795746,23265132,2012,Beasts of the Southern Wild,12800000.0,8300000,2012
Seeking a Friend for the End of the World,10000000,7078738,11766959,2012,Seeking a Friend for the End of the World,7100000.0,2600000,2012
To Rome with Love,21500000,16684352,74326015,2012,To Rome with Love,16700000.0,56600000,2012
Brave,185000000,237282182,554606532,2012,Brave,237300000.0,303200000,2012
Abraham Lincoln: Vampire Hunter,67500000,37519139,137489730,2012,Abraham Lincoln: Vampire Hunter,37500000.0,79000000,2012
That's My Boy,57500000,36931089,58085235,2012,That's My Boy,36900000.0,20800000,2012
Rock of Ages,70000000,38518613,61031932,2012,Rock of Ages,38500000.0,20900000,2012
Madagascar 3: Europe's Most Wanted,145000000,216391482,746921271,2012,Madagascar 3: Europe's Most Wanted,216400000.0,530500000,2012
Prometheus,125000000,126477084,402448265,2012,Prometheus,126500000.0,276900000,2012
Snow White and the Huntsman,170000000,155136755,401021746,2012,Snow White and the Huntsman,155300000.0,241300000,2012
Moonrise Kingdom,16000000,45512466,68848446,2012,Moonrise Kingdom,45500000.0,22800000,2012
Chernobyl Diaries,1000000,18119640,42411721,2012,Chernobyl Diaries,18100000.0,19000000,2012
Battleship,220000000,65233400,313477717,2012,Battleship,65400000.0,237600000,2012
Polisse,8900000,176988,22744132,2012,Polisse,211000.0,20200000,2012
What to Expect When You're Expecting,37500000,41152203,88473016,2012,What to Expect When You're Expecting,41200000.0,43200000,2012
The Dictator,65000000,59650222,180148897,2012,The Dictator,59700000.0,119700000,2012
Dark Shadows,150000000,79727149,238202668,2012,Dark Shadows,79700000.0,165800000,2012
A Little Bit of Heaven,12500000,10011,1100287,2012,A Little Bit of Heaven,15400.0,1300000,2012
The Best Exotic Marigold Hotel,10000000,46383639,134639780,2012,The Best Exotic Marigold Hotel,46400000.0,90400000,2012
The Five-Year Engagement,30000000,28700285,61623819,2012,The Five-Year Engagement,28800000.0,25100000,2012
The Raven,26000000,16008272,30601801,2012,The Raven,16000000.0,13600000,2012
The Pirates! Band of Misfits,55000000,31051126,136143605,2012,The Pirates! Band of Misfits,31100000.0,92000000,2012
The Lucky One,25000000,60457138,96633833,2012,The Lucky One,60500000.0,38900000,2012
Think Like a Man,12000000,91547205,113373764,2012,Think Like a Man,91500000.0,4500000,2012
The Cabin in the Woods,30000000,42073277,70689968,2012,The Cabin in the Woods,42100000.0,24400000,2012
The Three Stooges,30000000,44338224,54052249,2012,The Three Stooges,44300000.0,10500000,2012
Lockout,20000000,14326865,33943049,2012,Lockout,14300000.0,17900000,2012
American Reunion,50000000,56758835,236799211,2012,American Reunion,57000000.0,178000000,2012
Mirror Mirror,85000000,64935167,173613482,2012,Mirror Mirror,64900000.0,118100000,2012
Wrath of the Titans,150000000,83670083,305270083,2012,Wrath of the Titans,83700000.0,221600000,2012
The Hunger Games,80000000,408010692,677923379,2012,The Hunger Games,408000000.0,286400000,2012
"Jeff, Who Lives at Home",10000000,4269426,4708127,2012,"Jeff, Who Lives at Home",4300000.0,148000,2012
21 Jump Street,42000000,138447667,202812429,2012,21 Jump Street,138400000.0,63100000,2012
Silent House,2000000,12739737,16610760,2012,Silent House,12800000.0,347000,2012
John Carter,275000000,73058679,282778100,2012,John Carter,73100000.0,211100000,2012
A Thousand Words,40000000,18450127,20790486,2012,A Thousand Words,18500000.0,3600000,2012
Project X,12000000,54731865,103028188,2012,Project X,54700000.0,48000000,2012
Act of Valor,12000000,70012847,82497035,2012,Act of Valor,70000000.0,11300000,2012
Wanderlust,32500000,17288155,24159934,2012,Wanderlust,17500000.0,4200000,2012
Tyler Perry's Good Deeds,14000000,35025791,35579177,2012,Tyler Perry's Good Deeds,35000000.0,553000,2012
Ghost Rider: Spirit of Vengeance,57000000,51774002,149217355,2012,Ghost Rider: Spirit of Vengeance,51800000.0,80800000,2012
This Means War,65000000,54760791,156974557,2012,This Means War,54800000.0,101700000,2012
Safe House,85000000,126181630,208542162,2012,Safe House,126400000.0,81700000,2012
Journey 2: The Mysterious Island,79000000,103860290,318146162,2012,Journey 2: The Mysterious Island,103900000.0,231400000,2012
The Vow,30000000,125014030,197618160,2012,The Vow,125000000.0,71100000,2012
Kill List,800000,29063,462206,2012,Kill List,29100.0,143000,2012
The Woman in Black,15000000,54333290,128955898,2012,The Woman in Black,54300000.0,73400000,2012
Big Miracle,40000000,20157300,25268680,2012,Big Miracle,20200000.0,4600000,2012
Man on a Ledge,42000000,18620000,49621440,2012,Man on a Ledge,18600000.0,27600000,2012
The Grey,25000000,51580136,81249176,2012,The Grey,51600000.0,25700000,2012
Red Tails,58000000,49876377,50365498,2012,Red Tails,49900000.0,489000,2012
Coriolanus,10000000,749641,2179623,2012,Coriolanus,757000.0,315000,2012
Haywire,23000000,18942396,36374700,2012,Haywire,18900000.0,14400000,2012
Joyful Noise,27500000,30932113,31157914,2012,Joyful Noise,30900000.0,226000,2012
We Need to Talk About Kevin,7000000,1738692,10765283,2012,We Need to Talk About Kevin,1700000.0,4300000,2011
Contraband,25000000,66528000,98406855,2012,Contraband,66500000.0,29700000,2012
The Iron Lady,14000000,29959436,115592104,2012,The Iron Lady,30000000.0,84900000,2011
The Devil Inside,1000000,53262945,101759490,2012,The Devil Inside,53300000.0,48500000,2012
War Horse,70000000,79883359,156815529,2011,War Horse,79900000.0,97700000,2011
The Darkest Hour,34800000,21443494,62831715,2011,The Darkest Hour,21400000.0,43200000,2011
We Bought a Zoo,50000000,75624550,118729073,2011,We Bought a Zoo,75600000.0,44500000,2011
The Adventures of Tintin,130000000,77591831,373993951,2011,The Adventures of Tintin,77600000.0,296400000,2011
Albert Nobbs,7500000,3014696,8539003,2011,Albert Nobbs,3000000.0,2600000,2012
The Girl with the Dragon Tattoo,90000000,102515793,239373970,2011,The Girl with the Dragon Tattoo,10100000.0,94300000,2010
Alvin and the Chipmunks: Chipwrecked,80000000,133107389,349088523,2011,Alvin and the Chipmunks: Chipwrecked,133100000.0,209600000,2011
Sherlock Holmes: A Game of Shadows,125000000,186848418,535663443,2011,Sherlock Holmes: A Game of Shadows,186800000.0,358600000,2011
The Sitter,25000000,30542576,38749404,2011,The Sitter,30400000.0,4500000,2011
Young Adult,12000000,16311571,22750356,2011,Young Adult,16300000.0,6600000,2011
Shame,6500000,4002293,20412841,2011,Shame,3900000.0,13800000,2011
The Artist,16000000,44667095,128256712,2011,The Artist,44700000.0,88800000,2011
Arthur Christmas,85000000,46462469,149717124,2011,Arthur Christmas,46500000.0,101000000,2011
The Muppets,45000000,88625922,160971922,2011,The Muppets,88600000.0,76600000,2011
My Week with Marilyn,10000000,14597405,34240572,2011,My Week with Marilyn,14600000.0,20500000,2011
A Dangerous Method,20000000,5702083,14807531,2011,A Dangerous Method,5700000.0,21800000,2011
Hugo,180000000,73864507,180047784,2011,Hugo,73900000.0,111900000,2011
Another Happy Day,4000000,9120,978527,2011,Another Happy Day,8500.0,347000,2011
Happy Feet Two,135000000,64006466,157956466,2011,Happy Feet Two,64000000.0,86400000,2011
The Descendants,20000000,82624961,175507800,2011,The Descendants,82600000.0,94700000,2011
Jack and Jill,79000000,74158157,150519217,2011,Jack and Jill,74200000.0,75500000,2011
Immortals,75000000,83504017,211562435,2011,Immortals,83500000.0,143400000,2011
Melancholia,9400000,3030848,21817298,2011,Melancholia,3000000.0,12900000,2011
J. Edgar,35000000,37306030,84606030,2011,J. Edgar,37300000.0,47600000,2011
Tower Heist,85000000,78046570,150422946,2011,Tower Heist,78000000.0,74900000,2011
A Very Harold & Kumar 3D Christmas,20000000,35061031,36265745,2011,A Very Harold & Kumar 3D Christmas,35100000.0,326000,2011
The Rum Diary,45000000,13109815,21544732,2011,The Rum Diary,13100000.0,10800000,2011
Like Crazy,250000,3395391,3728400,2011,Like Crazy,3400000.0,336000,2011
In Time,35000000,37553932,165103952,2011,In Time,37500000.0,136400000,2011
Puss in Boots,130000000,149260504,554987477,2011,Puss in Boots,149300000.0,405700000,2011
Anonymous,27500000,4463292,15815509,2011,Anonymous,4500000.0,10900000,2011
Paranormal Activity 3,5000000,104028807,207039844,2011,Paranormal Activity 3,104000000.0,103000000,2011
Margin Call,3400000,5353586,20433227,2011,Margin Call,5400000.0,14200000,2011
Johnny English Reborn,45000000,8406711,164640401,2011,Johnny English Reborn,8300000.0,151800000,2011
Martha Marcy May Marlene,1000000,2981038,5438911,2011,Martha Marcy May Marlene,3000000.0,548000,2011
Le Havre,5500000,611709,13480196,2011,Le Havre,612000.0,9900000,2011
The Big Year,41000000,7204138,7684524,2011,The Big Year,7200000.0,244000,2011
The Ides of March,23000000,40962534,77735925,2011,The Ides of March,41000000.0,35000000,2011
Real Steel,110000000,85463309,263880341,2011,Real Steel,85500000.0,213800000,2011
Blackthorn,4500000,200558,1217307,2011,Blackthorn,201000.0,423000,2011
Dream House,50000000,21302340,41642166,2011,Dream House,21300000.0,17200000,2011
Take Shelter,4750000,1728953,4972016,2011,Take Shelter,1700000.0,1400000,2011
50/50,8000000,35016118,41334735,2011,50/50,35000000.0,4200000,2011
What's Your Number?,20000000,14011084,30163785,2011,What's Your Number?,14000000.0,16399999,2011
Machine Gun Preacher,30000000,538690,3721988,2011,Machine Gun Preacher,539000.0,2800000,2011
Moneyball,50000000,75605492,111300835,2011,Moneyball,75600000.0,34600000,2011
Abduction,35000000,28087155,86648359,2011,Abduction,28100000.0,54000000,2011
Killer Elite,70000000,25124986,65409046,2011,Killer Elite,25100000.0,31300000,2011
Dolphin Tale,37000000,72286779,96068724,2011,Dolphin Tale,72300000.0,23100000,2011
I Don't Know How She Does It,24000000,9659074,24474463,2011,I Don't Know How She Does It,9700000.0,20900000,2011
Contagion,60000000,75658097,137551594,2011,Contagion,75700000.0,59800000,2011
Warrior,25000000,13657115,24215385,2011,Warrior,13700000.0,9400000,2011
Shark Night 3D,25000000,18877153,18877153,2011,Shark Night 3D,18900000.0,21300000,2011
Apollo 18,5000000,17686929,26517819,2011,Apollo 18,17700000.0,7900000,2011
The Debt,20000000,31177548,46604054,2011,The Debt,31200000.0,14500000,2011
Don't Be Afraid of the Dark,25000000,24046682,39126427,2011,Don't Be Afraid of the Dark,24000000.0,12900000,2011
Colombiana,40000000,36665854,72295262,2011,Colombiana,36700000.0,24300000,2011
Brighton Rock,11000000,229653,229653,2011,Brighton Rock,230000.0,1600000,2011
One Day,15000000,13843771,59168692,2011,One Day,13800000.0,45500000,2011
Spy Kids: All the Time in the World,27000000,38536376,80681183,2011,Spy Kids: All the Time in the World,38500000.0,47000000,2011
30 Minutes or Less,28000000,37053924,40966716,2011,30 Minutes or Less,37100000.0,3500000,2011
Final Destination 5,40000000,42587643,155011165,2011,Final Destination 5,42600000.0,115300000,2011
The Help,25000000,169705587,213120004,2011,The Help,169700000.0,46900000,2011
The Change-Up,52000000,37243418,75997067,2011,The Change-Up,37100000.0,38400000,2011
Rise of the Planet of the Apes,93000000,176760185,470986200,2011,Rise of the Planet of the Apes,176800000.0,305000000,2011
The Smurfs,110000000,142614158,563749323,2011,The Smurfs,142600000.0,421100000,2011
Attack the Block,13000000,1024175,6459183,2011,Attack the Block,1000000.0,4800000,2011
The Guard,6000000,5359774,21197454,2011,The Guard,5400000.0,14200000,2011
Captain America: The First Avenger,140000000,176654505,370569776,2011,Captain America: The First Avenger,176700000.0,193900000,2011
Another Earth,175000,1321194,2102779,2011,Another Earth,1300000.0,456000,2011
Friends with Benefits,35000000,55802754,146595891,2011,Friends with Benefits,55800000.0,93700000,2011
Snow Flower and the Secret Fan,6000000,1348205,11348205,2011,Snow Flower and the Secret Fan,1300000.0,10000000,2011
Winnie the Pooh,30000000,26692846,50145607,2011,Winnie the Pooh,26700000.0,23200000,2011
Zookeeper,80000000,80360866,170805525,2011,Zookeeper,80400000.0,89500000,2011
Horrible Bosses,35000000,117538559,212417601,2011,Horrible Bosses,117500000.0,92100000,2011
Monte Carlo,20000000,23186769,39686769,2011,Monte Carlo,23200000.0,16500000,2011
Larry Crowne,30000000,35608245,61449135,2011,Larry Crowne,35600000.0,36400000,2011
Transformers: Dark of the Moon,195000000,352390543,1123790543,2011,Transformers: Dark of the Moon,352400000.0,771400000,2011
Bad Teacher,19000000,100292856,215448997,2011,Bad Teacher,100300000.0,115900000,2011
Cars 2,200000000,191450875,560155383,2011,Cars 2,191500000.0,370700000,2011
Green Lantern,200000000,116601172,219535492,2011,Green Lantern,116600000.0,103300000,2011
Super 8,50000000,127004179,257972745,2011,Super 8,127000000.0,133100000,2011
Beginners,3200000,5790894,14314407,2011,Beginners,5800000.0,8500000,2011
Submarine,1900000,467602,4581937,2011,Submarine,468000.0,397000,2011
X-Men: First Class,160000000,146408305,355408305,2011,X-Men: First Class,146400000.0,207200000,2011
The Tree of Life,35000000,13305665,61721826,2011,The Tree of Life,13300000.0,41000000,2011
The Hangover Part II,80000000,254464305,586464305,2011,The Hangover Part II,254500000.0,332300000,2011
Kung Fu Panda 2,150000000,165249063,664837547,2011,Kung Fu Panda 2,165200000.0,500400000,2011
Midnight in Paris,30000000,56816662,162502774,2011,Midnight in Paris,56800000.0,94300000,2011
Pirates of the Caribbean: On Stranger Tides,410600000,241063875,1045663875,2011,Pirates of the Caribbean: On Stranger Tides,241100000.0,804600000,2011
Priest,60000000,29136626,84154026,2011,Priest,29100000.0,49200000,2011
Bridesmaids,32500000,169211718,289632023,2011,Bridesmaids,169100000.0,119300000,2011
Something Borrowed,35000000,39046489,65084116,2011,Something Borrowed,39000000.0,21100000,2011
Jumping the Broom,7000000,37295394,38158601,2011,Jumping the Broom,37300000.0,415000,2011
Thor,150000000,181030624,449326618,2011,Thor,181000000.0,268300000,2011
The Beaver,21000000,970816,5046038,2011,The Beaver,971000.0,6300000,2011
Dylan Dog: Dead of Night,20000000,1186538,6093725,2011,Dylan Dog: Dead of Night,1200000.0,3400000,2011
Fast Five,125000000,210031325,630163454,2011,Fast Five,209800000.0,416300000,2011
Water for Elephants,38000000,58709717,116809717,2011,Water for Elephants,58700000.0,58400000,2011
Scream 4,40000000,38180928,95989590,2011,Scream 4,38200000.0,59000000,2011
Rio,90000000,143619809,487519809,2011,Rio,143600000.0,341000000,2011
The Conspirator,25000000,11538204,15907411,2011,The Conspirator,11500000.0,3900000,2011
Your Highness,50000000,21596445,26121638,2011,Your Highness,21600000.0,3300000,2011
Soul Surfer,18000000,43853424,47158652,2011,Soul Surfer,43900000.0,3200000,2011
Hanna,30000000,40259119,65343694,2011,Hanna,40300000.0,23500000,2011
Source Code,32000000,54712227,140428499,2011,Source Code,54700000.0,92600000,2011
The Last Godfather,13400000,164247,164247,2011,The Last Godfather,164000.0,16600000,2011
Hop,63000000,108085305,188657593,2011,Hop,108100000.0,75900000,2011
Insidious,1500000,54009150,99870886,2011,Insidious,54000000.0,43000000,2011
Sucker Punch,75000000,36392502,89758389,2011,Sucker Punch,36400000.0,53400000,2011
Diary of a Wimpy Kid: Rodrick Rules,18000000,52698535,73695194,2011,Diary of a Wimpy Kid: Rodrick Rules,52700000.0,19700000,2011
Limitless,27000000,79249455,155564919,2011,Limitless,79200000.0,82600000,2011
Winter in Wartime,5800000,542860,9662214,2011,Winter in Wartime,543000.0,8700000,2011
Paul,40000000,37412945,101162106,2011,Paul,37400000.0,60600000,2011
The Lincoln Lawyer,40000000,58009200,87145086,2011,The Lincoln Lawyer,58000000.0,17000000,2011
Red Riding Hood,42000000,37662162,91678442,2011,Red Riding Hood,37700000.0,51500000,2011
Mars Needs Moms,150000000,21392758,39549758,2011,Mars Needs Moms,21400000.0,17600000,2011
Battle: Los Angeles,70000000,83552429,213463976,2011,Battle: Los Angeles,83600000.0,128300000,2011
Beastly,17000000,27865571,38028230,2011,Beastly,27900000.0,15300000,2011
Rango,135000000,123477607,245724600,2011,Rango,123500000.0,122200000,2011
The Adjustment Bureau,50200000,62495645,126931325,2011,The Adjustment Bureau,62500000.0,65400000,2011
Hall Pass,68000000,45060734,87173475,2011,Hall Pass,45100000.0,38100000,2011
Drive Angry,50000000,10721033,41042583,2011,Drive Angry,10700000.0,18200000,2011
Unknown,40000000,63686397,136123083,2011,Unknown,63700000.0,67099999,2011
Unknown,3700000,26403,3355048,2006,Unknown,63700000.0,67099999,2011
"Big Mommas: Like Father, Like Son",32000000,37915414,82332450,2011,"Big Mommas: Like Father, Like Son",37900000.0,44800000,2011
Justin Bieber: Never Say Never,13000000,73013910,99034125,2011,Justin Bieber: Never Say Never,73000000.0,26000000,2011
The Eagle,25000000,19490041,38993548,2011,The Eagle,19500000.0,7600000,2011
Just Go With It,80000000,103028109,214974953,2011,Just Go With It,103000000.0,111900000,2011
Gnomeo and Juliet,36000000,99967670,193737977,2011,Gnomeo and Juliet,100000000.0,94000000,2011
Sanctum,30000000,23209310,108957098,2011,Sanctum,23200000.0,85400000,2011
The Roommate,16000000,37300107,52545707,2011,The Roommate,37300000.0,3200000,2011
The Rite,37000000,33047633,97143987,2011,The Rite,33000000.0,63000000,2011
Biutiful,35000000,5101237,24687524,2011,Biutiful,5100000.0,20000000,2011
The Mechanic,42500000,29121498,76347393,2011,The Mechanic,29100000.0,47000000,2011
No Strings Attached,25000000,70662220,149228078,2011,No Strings Attached,70700000.0,78600000,2011
The Green Hornet,110000000,98780042,229155503,2011,The Green Hornet,98800000.0,129000000,2011
The Dilemma,70000000,48475290,70546865,2011,The Dilemma,48500000.0,21200000,2011
Season of the Witch,40000000,24827228,91126600,2011,Season of the Witch,24800000.0,66800000,2011
Blue Valentine,1000000,9737892,16566240,2010,Blue Valentine,9700000.0,2600000,2010
Another Year,8000000,3205706,20005613,2010,Another Year,3200000.0,16500000,2010
Gulliver's Travels,112000000,42779261,232017848,2010,Gulliver's Travels,42800000.0,194600000,2010
Little Fockers,100000000,148438600,310650574,2010,Little Fockers,148400000.0,162200000,2010
True Grit,35000000,171243005,252276928,2010,True Grit,171200000.0,81000000,2010
Somewhere,7000000,1785645,17023121,2010,Somewhere,1800000.0,12200000,2010
Country Strong,15000000,20218921,20601987,2010,Country Strong,20200000.0,310000,2010
Yogi Bear,80000000,100246011,204774690,2010,Yogi Bear,100200000.0,101300000,2010
Casino Jack,12500000,2039869,2272186,2010,Casino Jack,1000000.0,40700,2010
Rabbit Hole,5000000,2229058,6205034,2010,Rabbit Hole,2200000.0,2900000,2010
The Tourist,100000000,67631157,278731369,2010,The Tourist,67600000.0,210700000,2010
The Tempest,20000000,277943,277943,2010,The Tempest,278000.0,68700,2010
The Fighter,11000000,93617009,129262388,2010,The Fighter,93600000.0,35600000,2010
The Chronicles of Narnia: The Voyage of the Dawn Treader,155000000,104386950,418186950,2010,The Chronicles of Narnia: The Voyage of the Dawn Treader,104400000.0,311300000,2010
All Good Things,20000000,582024,873617,2010,All Good Things,582000.0,62500,2010
The Warrior's Way,42000000,5666340,8514325,2010,The Warrior's Way,5700000.0,5400000,2010
Black Swan,13000000,106954678,331266710,2010,Black Swan,107000000.0,222400000,2010
"I Love You, Phillip Morris",13000000,2037459,23014027,2010,"I Love You, Phillip Morris",2000000.0,18700000,2010
Love and Other Drugs,30000000,32367005,102716321,2010,Love and Other Drugs,32400000.0,70500000,2010
The Nutcracker in 3D,90000000,195459,20466016,2010,The Nutcracker in 3D,195000.0,16000000,2010
Burlesque,55000000,39440655,90552675,2010,Burlesque,39400000.0,50100000,2010
Faster,24000000,23240020,35792945,2010,Faster,23200000.0,12400000,2010
Tangled,260000000,200821936,586477240,2010,Tangled,200800000.0,391000000,2010
The Next Three Days,30000000,21148651,67255916,2010,The Next Three Days,21100000.0,46300000,2010
Made in Dagenham,8000000,1095369,15644196,2010,Made in Dagenham,1100000.0,11300000,2010
Unstoppable,95000000,81562942,165720921,2010,Unstoppable,81600000.0,86200000,2010
Skyline,10000000,21416355,68264973,2010,Skyline,21400000.0,45400000,2010
Morning Glory,40000000,31011732,59795070,2010,Morning Glory,31000000.0,29000000,2010
127 Hours,18000000,18335230,60217171,2010,127 Hours,18300000.0,42400000,2010
Megamind,130000000,148415853,321887208,2010,Megamind,148400000.0,173500000,2010
For Colored Girls,21000000,37729698,38017873,2010,For Colored Girls,37700000.0,17300,2010
Four Lions,3750000,310007,2436111,2010,Four Lions,305000.0,4400000,2010
Due Date,65000000,100539043,211739043,2010,Due Date,100500000.0,111200000,2010
Monsters,500000,237301,5639730,2010,Monsters,237000.0,4000000,2010
Welcome to the Rileys,10000000,152857,355919,2010,Welcome to the Rileys,159000.0,158000,2010
Saw 3D,17000000,45710178,133735284,2010,Saw 3D,45700000.0,90400000,2010
Wild Target,8000000,109338,5314194,2010,Wild Target,109000.0,3300000,2010
Paranormal Activity 2,3000000,84752907,177512032,2010,Paranormal Activity 2,84800000.0,92800000,2010
Carlos,18000000,145526,1619153,2010,Carlos,146000.0,726000,2010
Red,60000000,90380162,196439693,2010,Red,90400000.0,108600000,2010
Hereafter,50000000,32746941,108660270,2010,Hereafter,32700000.0,72500000,2010
Conviction,12500000,6797696,11826980,2010,Conviction,6800000.0,2900000,2010
Secretariat,35000000,59699513,60376247,2010,Secretariat,59700000.0,537000,2010
I Spit on Your Grave,1750000,93051,1278471,2010,I Spit on Your Grave,93100.0,480000,2010
Stone,22000000,1810078,4065020,2010,Stone,1800000.0,7700000,2010
Life as We Know It,38000000,53374681,105887837,2010,Life as We Know It,53400000.0,52300000,2010
It's Kind of a Funny Story,8000000,6363628,6632950,2010,It's Kind of a Funny Story,6400000.0,128000,2010
My Soul to Take,25000000,14744435,16727470,2010,My Soul to Take,14700000.0,6200000,2010
Inside Job,2000000,4311834,7799257,2010,Inside Job,4300000.0,3600000,2010
Nowhere Boy,1900000,1445366,7785229,2010,Nowhere Boy,1500000.0,5100000,2010
Case 39,27000000,13261851,28773827,2010,Case 39,13300000.0,14900000,2010
Chain Letter,3000000,205842,1022453,2010,Chain Letter,139000.0,447000,2010
Freakonomics,2900000,101270,172867,2010,Freakonomics,101000.0,16400,2010
The Social Network,40000000,96962694,224922135,2010,The Social Network,97000000.0,128000000,2010
Let Me In,20000000,12134935,28270399,2010,Let Me In,12100000.0,12000000,2010
Buried,1987650,1044143,21270290,2010,Buried,1000000.0,18100000,2010
Enter the Void,16000000,337997,1467278,2010,Enter the Void,336000.0,418000,2010
Legend of the Guardians: The Owls of Ga'Hoole,100000000,55675313,139716717,2010,Legend of the Guardians: The Owls of Ga'Hoole,55700000.0,84400000,2010
You Again,20000000,25702053,32838945,2010,You Again,25700000.0,6300000,2010
You Will Meet a Tall Dark Stranger,15000000,3247816,34247816,2010,You Will Meet a Tall Dark Stranger,3200000.0,31000000,2010
The Town,37000000,92186262,152566881,2010,The Town,92200000.0,61800000,2010
Easy A,8000000,58401464,76200721,2010,Easy A,58400000.0,16600000,2010
Devil,10000000,33679655,63354114,2010,Devil,33600000.0,29100000,2010
Never Let Me Go,15000000,2434652,11173718,2010,Never Let Me Go,2400000.0,7000000,2010
Resident Evil: Afterlife,57500000,60128566,295874190,2010,Resident Evil: Afterlife,60100000.0,240100000,2010
"Lovely, Still",5000000,127564,282687,2010,"Lovely, Still",128000.0,106000,2010
Machete,12500000,26593646,46370970,2010,Machete,26600000.0,17500000,2010
Going the Distance,32000000,17804299,43603990,2010,Going the Distance,17800000.0,24200000,2010
The American,20000000,35606376,67950723,2010,The American,35600000.0,32299999,2010
Takers,32000000,57744720,70587268,2010,Takers,57700000.0,11300000,2010
The Last Exorcism,1800000,41034350,70165900,2010,The Last Exorcism,41000000.0,26700000,2010
Centurion,15000000,123570,7885048,2010,Centurion,124000.0,6700000,2010
Piranha 3D,24000000,25003155,83660160,2010,Piranha 3D,25000000.0,58200000,2010
Mao's Last Dancer,18000000,4806750,25941437,2010,Mao's Last Dancer,4800000.0,17500000,2010
Soul Kitchen,4900000,276901,23347461,2010,Soul Kitchen,277000.0,17600000,2010
The Switch,19000000,27758465,49858465,2010,The Switch,27800000.0,22100000,2010
Vampires Suck,20000000,36661504,81424988,2010,Vampires Suck,36700000.0,43900000,2010
Eat Pray Love,60000000,80574010,206598789,2010,Eat Pray Love,80600000.0,124000000,2010
The Expendables,82000000,103068524,268268174,2010,The Expendables,103100000.0,171400000,2010
Animal Kingdom,4200000,1044039,8078683,2010,Animal Kingdom,1000000.0,5700000,2010
The Disappearance of Alice Creed,1500000,166980,1605139,2010,The Disappearance of Alice Creed,167000.0,701000,2010
The Other Guys,100000000,119219978,170936470,2010,The Other Guys,119200000.0,51200000,2010
Cats & Dogs: The Revenge of Kitty Galore,85000000,43585753,113026383,2010,Cats & Dogs: The Revenge of Kitty Galore,43600000.0,68900000,2010
Get Low,7000000,9176933,10828305,2010,Get Low,9200000.0,518000,2010
Charlie St. Cloud,44000000,31206263,48478084,2010,Charlie St. Cloud,31200000.0,17000000,2010
Dinner for Schmucks,69000000,73026337,86796502,2010,Dinner for Schmucks,73000000.0,13800000,2010
The Extra Man,7000000,453377,492108,2010,The Extra Man,453000.0,4500,2010
Ramona and Beezus,15000000,26167002,27469621,2010,Ramona and Beezus,26200000.0,1100000,2010
Life During Wartime,4500000,281447,281447,2010,Life During Wartime,281000.0,487000,2010
Salt,130000000,118311368,290650494,2010,Salt,118300000.0,175200000,2010
Inception,160000000,292576195,835524642,2010,Inception,292600000.0,535700000,2010
The Sorcerer's Apprentice,160000000,63150991,217986320,2010,The Sorcerer's Apprentice,63200000.0,152100000,2010
Predators,40000000,52000688,127234389,2010,Predators,52000000.0,75200000,2010
The Kids Are All Right,4000000,20811365,36275469,2010,The Kids Are All Right,20800000.0,13900000,2010
Despicable Me,69000000,251513985,543464573,2010,Despicable Me,251500000.0,291600000,2010
[Rec] 2,5600000,27766,18527766,2010,[Rec] 2,27800.0,18500000,2010
The Last Airbender,150000000,131772187,319713881,2010,The Last Airbender,131800000.0,187900000,2010
The Twilight Saga: Eclipse,68000000,300531751,706102828,2010,The Twilight Saga: Eclipse,300500000.0,398000000,2010
Grown Ups,75000000,162001186,272223430,2010,Grown Ups,162000000.0,109400000,2010
Cyrus,7000000,7468936,10062896,2010,Cyrus,7500000.0,2500000,2010
Toy Story 3,200000000,415004880,1068879522,2010,Toy Story 3,415000000.0,652000000,2010
Jonah Hex,47000000,10547117,11022696,2010,Jonah Hex,10500000.0,356000,2010
The Killer Inside Me,13000000,217277,3617277,2010,The Killer Inside Me,217000.0,3800000,2010
The A-Team,110000000,77222099,177241171,2010,The A-Team,77200000.0,100000000,2010
The Karate Kid,40000000,176591618,351774938,2010,The Karate Kid,176600000.0,182500000,2010
The Karate Kid,8000000,90815558,90815558,1984,The Karate Kid,176600000.0,182500000,2010
Winter's Bone,2000000,6531503,16131551,2010,Winter's Bone,6500000.0,7300000,2010
Splice,30000000,17010170,28542494,2010,Splice,17000000.0,9800000,2010
Get Him to the Greek,40000000,61153526,91455875,2010,Get Him to the Greek,61000000.0,30300000,2010
Marmaduke,50000000,33644788,89895930,2010,Marmaduke,33600000.0,50100000,2010
Killers,75000000,47059963,95572749,2010,Killers,47100000.0,51100000,2010
Ondine,12000000,550472,557545,2010,Ondine,550000.0,1100000,2010
Micmacs,42000000,1259693,11756922,2010,Micmacs,1300000.0,15100000,2010
Agora,70000000,619423,38992292,2010,Agora,619000.0,38400000,2010
George A. Romero's Survival of the Dead,4200000,101740,101740,2010,George A. Romero's Survival of the Dead,102000.0,41500,2010
Sea Rex 3D: Journey to a Prehistoric World,5000000,6096582,16515203,2010,Sea Rex 3D: Journey to a Prehistoric World,6100000.0,9900000,2010
Sex and the City 2,95000000,95347692,294680778,2010,Sex and the City 2,95300000.0,193000000,2010
Solitary Man,12500000,4360548,4360548,2010,Solitary Man,4400000.0,818000,2010
Kites,9200000,1685269,17155193,2010,Kites,1600000.0,1300000,2010
MacGruber,10000000,8525600,8629895,2010,MacGruber,8500000.0,797000,2010
Shrek Forever After,165000000,238736787,756244673,2010,Shrek Forever After,238700000.0,513900000,2010
Letters to Juliet,30000000,53032453,82148538,2010,Letters to Juliet,53000000.0,26100000,2010
Just Wright,12000000,21540363,21867665,2010,Just Wright,21500000.0,29900,2010
Mother and Child,7000000,1110509,6537179,2010,Mother and Child,1100000.0,3900000,2010
Iron Man 2,170000000,312433331,621156389,2010,Iron Man 2,312400000.0,311500000,2010
Harry Brown,7300000,1818681,12023606,2010,Harry Brown,1800000.0,8500000,2010
Furry Vengeance,35000000,17630465,39340177,2010,Furry Vengeance,17600000.0,18600000,2010
Housefull,10100000,1183658,18726300,2010,Housefull,1200000.0,1200000,2010
The Good Heart,3800000,20930,340930,2010,The Good Heart,20900.0,323000,2010
Please Give,3000000,4033574,4570178,2010,Please Give,4000000.0,280000,2010
The Losers,25000000,23591432,29863840,2010,The Losers,23600000.0,5800000,2010
Oceans,80000000,19422319,86787530,2010,Oceans,19400000.0,63200000,2010
Kick-Ass,28000000,48071303,97531134,2010,Kick-Ass,48100000.0,48100000,2010
The Perfect Game,12500000,1089445,3931367,2010,The Perfect Game,1000000.0,2800000,2010
The Joneses,10000000,1475746,3541565,2010,The Joneses,1500000.0,5500000,2010
The City of Your Final Destination,8300000,493296,1353296,2010,The City of Your Final Destination,493000.0,859000,2010
After.Life,4500000,108596,2481925,2010,After.Life,109000.0,1900000,2010
Letters to God,3000000,2848587,3237452,2010,Letters to God,2800000.0,60300,2010
Date Night,55000000,98711404,152269033,2010,Date Night,98700000.0,53600000,2010
Leaves of Grass,9000000,70066,85527,2010,Leaves of Grass,70100.0,949000,2010
The Last Song,20000000,62950384,92678948,2010,The Last Song,63000000.0,26100000,2010
How to Train Your Dragon,165000000,217581232,494870992,2010,How to Train Your Dragon,217600000.0,277300000,2010
Hot Tub Time Machine,36000000,50269859,65967750,2010,Hot Tub Time Machine,50300000.0,14300000,2010
The Eclipse,3000000,133411,133411,2010,The Eclipse,133000.0,26400,2010
Chloe,13000000,3075255,11831131,2010,Chloe,3100000.0,8600000,2010
City Island,6000000,6671283,8173486,2010,City Island,6700000.0,1200000,2010
The Bounty Hunter,45000000,67061228,135808837,2010,The Bounty Hunter,67099999.0,69300000,2010
The Runaways,9500000,3573673,5278632,2010,The Runaways,3600000.0,1100000,2010
Repo Men,32000000,13942007,18195238,2010,Repo Men,13800000.0,4600000,2010
Diary of a Wimpy Kid,15000000,64003625,76954311,2010,Diary of a Wimpy Kid,64000000.0,11700000,2010
She's Out of My League,20000000,32010860,48680977,2010,She's Out of My League,32000000.0,17800000,2010
Remember Me,16000000,19068240,56506120,2010,Remember Me,19100000.0,37000000,2010
Green Zone,100000000,35497337,97523020,2010,Green Zone,35100000.0,59800000,2010
Our Family Wedding,14000000,20255281,21410546,2010,Our Family Wedding,20300000.0,1200000,2010
The Secret of Kells,8000000,690290,3582797,2010,The Secret of Kells,677000.0,62700,2010
Brooklyn's Finest,17000000,27163593,39233233,2010,Brooklyn's Finest,27200000.0,9300000,2010
The Crazies,19000000,39123589,56445534,2010,The Crazies,39100000.0,15700000,2010
Cop Out,37000000,44875481,55909910,2010,Cop Out,44900000.0,10700000,2010
The Ghost Writer,45000000,15541549,65532491,2010,The Ghost Writer,15500000.0,44700000,2010
Shutter Island,80000000,128012934,299461782,2010,Shutter Island,128000000.0,166800000,2010
Valentine's Day,52000000,110485654,217569328,2010,Valentine's Day,110500000.0,106000000,2010
The Wolfman,150000000,62189884,142634358,2010,The Wolfman,62000000.0,77800000,2010
My Name is Khan,8470000,4046336,42355526,2010,My Name is Khan,4000000.0,38300000,2010
Dear John,25000000,80014842,142033509,2010,Dear John,80000000.0,35000000,2010
Ajami,1000000,621859,2721096,2010,Ajami,622000.0,669000,2010
Edge of Darkness,60000000,43313890,82812456,2010,Edge of Darkness,43300000.0,37800000,2010
Saint John of Las Vegas,2000000,102645,102645,2010,Saint John of Las Vegas,103000.0,9100,2010
Tooth Fairy,48000000,60022256,112610386,2010,Tooth Fairy,60000000.0,52400000,2010
To Save a Life,500000,3777210,3824868,2010,To Save a Life,3800000.0,45800,2010
Extraordinary Measures,31000000,12482741,15826984,2010,Extraordinary Measures,12100000.0,3100000,2010
The Book of Eli,80000000,94835059,158750817,2010,The Book of Eli,94800000.0,62300000,2010
Fish Tank,3000000,374675,5922292,2010,Fish Tank,375000.0,2000000,2010
The Spy Next Door,28000000,24307106,46752858,2010,The Spy Next Door,24300000.0,20900000,2010
The Last Station,18000000,6617867,15696146,2010,The Last Station,6600000.0,6900000,2010
Youth in Revolt,18000000,15285588,19685588,2010,Youth in Revolt,15300000.0,4400000,2010
Leap Year,19000000,25918920,32618920,2010,Leap Year,25900000.0,6700000,2010
Daybreakers,20000000,30101577,51445503,2010,Daybreakers,30100000.0,21300000,2010
City of Ghosts,17500000,325491,325491,2003,City of Ghosts,128000.0,100000,2017
Jackpot,400000,44452,44452,2001,Jackpot,800.0,1100000,2014
Point Blank,3000000,0,0,1967,Point Blank,708000.0,8500000,2011
